y4_hhid,labour_total,labore,labour_wage,labour_total_pola,labour_wage_pola,hourly_wage,hourly_wage_new
1000-001,0,0,0,0,0,,
1001-001,1,3.2,20000,1,20000,6250,6250
1002-001,74,236.8,185000,74,185000,781.25,781.25
1003-001,7,22.4,0,7,29442.33,1314.3898,359
1005-001,10,32,115000,10,115000,3593.75,3593.75
1006-001,3,9.6000004,4500,3,4500,468.74997,468.74997
1007-001,39,124.8,150000,39,150000,1201.9231,1201.9231
1009-001,10,32,100000,10,100000,3125,3125
1025-001,20,64,50000,20,50000,781.25,781.25
1038-001,65,208,404000,65,404000,1942.3077,1942.3077
1041-001,0,0,0,0,0,,
1042-001,0,0,0,0,0,,
1043-001,0,0,0,0,0,,
1057-001,42,134.39999,60000,42,60000,446.42859,446.42859
1058-001,2,6.4000001,15000,2,15000,2343.75,2343.75
1059-001,115,368,130000,115,130000,353.26086,353.26086
1060-001,31,99.199997,0,31,106815.95,1076.7738,359
1061-001,0,0,0,0,0,,
1062-001,14,44.799999,0,14,52009.637,1160.9294,359
1063-001,70,224,0,70,232548.09,1038.1611,359
1064-001,20,64,25000,20,25000,390.625,390.625
1076-001,3,9.6000004,9000,3,9000,937.49994,937.49994
1077-001,88,281.60001,225000,88,225000,799.00568,799.00568
1078-001,6,19.200001,40000,6,40000,2083.3333,2083.3333
1079-001,24,76.800003,95000,24,95000,1236.9791,1236.9791
1080-001,6,19.200001,0,6,26218.43,1365.5432,359
1081-001,3,9.6000004,20000,3,20000,2083.3333,2083.3333
1082-001,12,38.400002,18000,12,18000,468.74997,468.74997
1083-001,4,12.8,30000,4,30000,2343.75,2343.75
1172-001,0,0,0,0,0,,
1209-001,0,0,0,0,0,,
1217-001,0,0,0,0,0,,
1230-001,0,0,0,0,0,,
1231-001,0,0,0,0,0,,
1233-001,0,0,0,0,0,,
1287-001,0,0,0,0,0,,
1305-001,31,99.199997,1700000,31,1700000,17137.098,17137.098
1307-001,0,0,0,0,0,,
1308-001,0,0,0,0,0,,
1331-001,3,9.6000004,22000,3,22000,2291.6665,2291.6665
1333-001,0,0,0,0,0,,
1400-001,0,0,0,0,0,,
1403-001,0,0,0,0,0,,
1405-001,0,0,0,0,0,,
1420-001,14,44.799999,95000,14,95000,2120.5356,2120.5356
1421-001,0,0,0,0,0,,
1426-001,4,12.8,30000,4,30000,2343.75,2343.75
1458-001,0,0,0,0,0,,
1462-001,0,0,0,0,0,,
1516-001,30,96,250000,30,250000,2604.1667,2604.1667
1534-001,0,0,0,0,0,,
1541-001,0,0,0,0,0,,
1551-001,0,0,0,0,0,,
1552-001,0,0,0,0,0,,
1553-001,0,0,0,0,0,,
1556-001,0,0,0,0,0,,
1557-001,0,0,0,0,0,,
1559-001,7,22.4,140000,7,140000,6250,6250
1571-001,0,0,0,0,0,,
1572-001,17,54.400002,300000,17,300000,5514.7056,5514.7056
1573-001,0,0,0,0,0,,
1576-001,0,0,0,0,0,,
1596-001,26,83.199997,630000,26,630000,7572.1157,7572.1157
1635-001,14,44.799999,25000,14,25000,558.03571,558.03571
1636-001,91,291.20001,130000,91,130000,446.42856,446.42856
1665-001,210,672,777000,210,777000,1156.25,1156.25
1710-001,16,51.200001,75000,16,75000,1464.8438,1464.8438
1744-001,10,32,27000,10,27000,843.75,843.75
1746-001,0,0,0,0,0,,
1764-001,0,0,0,0,0,,
1765-001,0,0,0,0,0,,
1766-001,0,0,0,0,0,,
1768-001,16,51.200001,80000,16,80000,1562.5,1562.5
1779-001,0,0,0,0,0,,
1780-001,24,76.800003,50000,24,50000,651.04163,651.04163
1781-001,24,76.800003,180000,24,180000,2343.75,2343.75
1782-001,8,25.6,75000,8,75000,2929.6875,2929.6875
1783-001,17,54.400002,130000,17,130000,2389.7058,2389.7058
1784-001,0,0,0,0,0,,
1785-001,10,32,120000,10,120000,3750,3750
1786-001,0,0,0,0,0,,
1798-001,12,38.400002,72000,12,72000,1874.9999,1874.9999
1799-001,39,124.8,232000,39,232000,1858.9744,1858.9744
1800-001,0,0,0,0,0,,
1801-001,0,0,0,0,0,,
1802-001,0,0,0,0,0,,
1803-001,25,80,33000,25,33000,412.5,412.5
1804-001,4,12.8,28000,4,28000,2187.5,2187.5
1805-001,0,0,0,0,0,,
1819-001,7,22.4,250000,7,250000,11160.715,11160.715
1836-001,0,0,0,0,0,,
1837-001,13,41.599998,74000,13,74000,1778.8462,1778.8462
1838-001,48,153.60001,12000,48,12000,78.125,78.125
1839-001,0,0,0,0,0,,
1840-001,2,6.4000001,65500,2,65500,10234.375,10234.375
1841-001,80,256,140000,80,140000,546.875,546.875
1842-001,0,0,0,0,0,,
1843-001,0,0,0,0,0,,
1855-001,0,0,0,0,0,,
1856-001,31,99.199997,322000,31,322000,3245.9678,3245.9678
1857-001,0,0,0,0,0,,
1858-001,0,0,0,0,0,,
1859-001,0,0,0,0,0,,
1860-001,0,0,0,0,0,,
1861-001,0,0,0,0,0,,
1862-001,14,44.799999,100000,14,100000,2232.1428,2232.1428
1874-001,12,38.400002,58000,12,58000,1510.4166,1510.4166
1875-001,0,0,0,0,0,,
1876-001,0,0,0,0,0,,
1877-001,0,0,0,0,0,,
1879-001,0,0,0,0,0,,
1880-001,0,0,0,0,0,,
1881-001,0,0,0,0,0,,
1893-001,0,0,0,0,0,,
1896-001,144,460.79999,390000,144,390000,846.35419,846.35419
1898-001,0,0,0,0,0,,
1899-001,37,118.4,110000,37,110000,929.05402,929.05402
1902-001,12,38.400002,65000,12,65000,1692.7083,1692.7083
1913-001,0,0,0,0,0,,
1931-001,53,169.60001,0,53,177741.78,1048.0057,359
1932-001,8,25.6,15000,8,15000,585.9375,585.9375
1933-001,18,57.599998,30000,18,30000,520.83337,520.83337
1934-001,10,32,40000,10,40000,1250,1250
1935-001,19,60.799999,51000,19,51000,838.8158,838.8158
1936-001,0,0,0,0,0,,
1937-001,0,0,0,0,0,,
1938-001,89,284.79999,155000,89,155000,544.24158,544.24158
1950-001,46,147.2,85000,46,85000,577.44568,577.44568
1952-001,82,262.39999,780000,82,780000,2972.561,2972.561
1954-001,57,182.39999,130000,57,130000,712.7193,712.7193
1955-001,8,25.6,155000,8,155000,6054.6875,6054.6875
1956-001,92,294.39999,227000,92,227000,771.05981,771.05981
1969-001,0,0,0,0,0,,
1970-001,13,41.599998,300000,13,300000,7211.5386,7211.5386
1971-001,28,89.599998,95000,28,95000,1060.2678,1060.2678
1972-001,0,0,0,0,0,,
1973-001,0,0,0,0,0,,
1974-001,21,67.199997,250000,21,250000,3720.2383,3720.2383
1975-001,30,96,32000,30,32000,333.33334,333.33334
1976-001,0,0,0,0,0,,
1988-001,8,25.6,50000,8,50000,1953.125,1953.125
1989-001,0,0,0,0,0,,
1990-001,0,0,0,0,0,,
1991-001,8,25.6,24000,8,24000,937.5,937.5
1992-001,13,41.599998,18000,13,18000,432.69232,432.69232
1993-001,21,67.199997,136000,21,136000,2023.8096,2023.8096
1994-001,14,44.799999,140000,14,140000,3125,3125
1995-001,4,12.8,15000,4,15000,1171.875,1171.875
2007-001,5,16,100000,5,100000,6250,6250
2008-001,49,156.8,305000,49,305000,1945.1531,1945.1531
2009-001,1,3.2,30000,1,30000,9375,9375
2010-001,25,80,135000,25,135000,1687.5,1687.5
2011-001,5,16,72000,5,72000,4500,4500
2012-001,14,44.799999,75000,14,75000,1674.1072,1674.1072
2013-001,0,0,0,0,0,,
2014-001,36,115.2,108000,36,108000,937.5,937.5
2026-001,27,86.400002,55000,27,55000,636.57404,636.57404
2027-001,0,0,0,0,0,,
2028-001,4,12.8,0,4,19770.629,1544.5803,359
2029-001,1,3.2,80000,1,80000,25000,25000
2030-001,0,0,0,0,0,,
2031-001,0,0,0,0,0,,
2032-001,13,41.599998,106000,13,106000,2548.0769,2548.0769
2033-001,9,28.799999,92500,9,92500,3211.8057,3211.8057
2045-001,0,0,0,0,0,,
2046-001,13,41.599998,85000,13,85000,2043.2693,2043.2693
2047-001,0,0,0,0,0,,
2048-001,43,137.60001,129000,43,129000,937.49994,937.49994
2049-001,0,0,0,0,0,,
2050-001,6,19.200001,7000,6,7000,364.58331,364.58331
2051-001,18,57.599998,102000,18,102000,1770.8334,1770.8334
2052-001,0,0,0,0,0,,
2064-001,32,102.4,20000,32,20000,195.3125,195.3125
2065-001,0,0,0,0,0,,
2066-001,0,0,0,0,0,,
2067-001,0,0,0,0,0,,
2068-001,0,0,0,0,0,,
2069-001,2,6.4000001,20000,2,20000,3125,3125
2070-001,0,0,0,0,0,,
2072-001,0,0,0,0,0,,
2083-001,0,0,0,0,0,,
2086-001,2,6.4000001,60000,2,60000,9375,9375
2087-001,2,6.4000001,35000,2,35000,5468.75,5468.75
2088-001,0,0,0,0,0,,
2089-001,0,0,0,0,0,,
2090-001,0,0,0,0,0,,
2102-001,0,0,0,0,0,,
2103-001,0,0,0,0,0,,
2105-001,0,0,0,0,0,,
2106-001,0,0,0,0,0,,
2107-001,13,41.599998,14000,13,14000,336.53848,336.53848
2108-001,0,0,0,0,0,,
2109-001,0,0,0,0,0,,
2110-001,0,0,0,0,0,,
2121-001,0,0,0,0,0,,
2122-001,22,70.400002,38000,22,38000,539.77271,539.77271
2123-001,9,28.799999,13000,9,13000,451.38892,451.38892
2124-001,6,19.200001,5000,6,5000,260.41666,260.41666
2125-001,187,598.40002,370000,187,370000,618.31549,618.31549
2126-001,0,0,0,0,0,,
2127-001,12,38.400002,12000,12,12000,312.5,312.5
2128-001,0,0,0,0,0,,
2140-001,0,0,0,0,0,,
2141-001,0,0,0,0,0,,
2142-001,0,0,0,0,0,,
2143-001,0,0,0,0,0,,
2144-001,0,0,0,0,0,,
2145-001,0,0,0,0,0,,
2146-001,14,44.799999,160000,14,160000,3571.4287,3571.4287
2147-001,0,0,0,0,0,,
2159-001,0,0,0,0,0,,
2160-001,0,0,0,0,0,,
2161-001,0,0,0,0,0,,
2162-001,0,0,0,0,0,,
2164-001,4,12.8,8000,4,8000,625,625
2165-001,0,0,0,0,0,,
2166-001,0,0,0,0,0,,
2179-001,0,0,0,0,0,,
2180-001,0,0,0,0,0,,
2181-001,215,688,215000,215,215000,312.5,312.5
2184-001,0,0,0,0,0,,
2185-001,12,38.400002,60000,12,60000,1562.4999,1562.4999
2197-001,4,12.8,28000,4,28000,2187.5,2187.5
2198-001,0,0,0,0,0,,
2199-001,16,51.200001,48000,16,48000,937.5,937.5
2200-001,3,9.6000004,30000,3,30000,3124.9998,3124.9998
2201-001,0,0,0,0,0,,
2202-001,0,0,0,0,0,,
2203-001,0,0,0,0,0,,
2204-001,0,0,0,0,0,,
2216-001,12,38.400002,110000,12,110000,2864.5833,2864.5833
2218-001,62,198.39999,138500,62,138500,698.08472,698.08472
2219-001,0,0,0,0,0,,
2220-001,0,0,0,0,0,,
2221-001,0,0,0,0,0,,
2222-001,219,700.79999,446000,219,446000,636.41553,636.41553
2223-001,0,0,0,0,0,,
2235-001,30,96,0,30,103592.05,1079.0839,359
2236-001,0,0,0,0,0,,
2237-001,0,0,0,0,0,,
2238-001,0,0,0,0,0,,
2239-001,0,0,0,0,0,,
2240-001,98,313.60001,0,98,322817.31,1029.392,359
2241-001,0,0,0,0,0,,
2242-001,0,0,0,0,0,,
2254-001,0,0,0,0,0,,
2255-001,32,102.4,40000,32,40000,390.625,390.625
2256-001,0,0,0,0,0,,
2257-001,0,0,0,0,0,,
2258-001,0,0,0,0,0,,
2259-001,1,3.2,2000,1,2000,625,625
2260-001,0,0,0,0,0,,
2261-001,2,6.4000001,6000,2,6000,937.5,937.5
2277-001,110,352,254000,110,254000,721.59088,721.59088
2280-001,40,128,300000,40,300000,2343.75,2343.75
2292-001,16,51.200001,0,16,58457.441,1141.7468,359
2293-001,0,0,0,0,0,,
2294-001,6,19.200001,35000,6,35000,1822.9166,1822.9166
2295-001,0,0,0,0,0,,
2296-001,0,0,0,0,0,,
2297-001,12,38.400002,0,12,45561.836,1186.5061,359
2298-001,0,0,0,0,0,,
2299-001,0,0,0,0,0,,
2311-001,0,0,0,0,0,,
2316-001,0,0,0,0,0,,
2332-001,61,195.2,25000,61,25000,128.07378,128.07378
2334-001,0,0,0,0,0,,
2337-001,0,0,0,0,0,,
2349-001,0,0,0,0,0,,
2350-001,0,0,0,0,0,,
2352-001,0,0,0,0,0,,
2353-001,0,0,0,0,0,,
2355-001,4,12.8,20000,4,20000,1562.5,1562.5
2356-001,0,0,0,0,0,,
2369-001,76,243.2,45000,76,45000,185.0329,185.0329
2371-001,0,0,0,0,0,,
2372-001,19,60.799999,108000,19,108000,1776.3158,1776.3158
2373-001,0,0,0,0,0,,
2374-001,28,89.599998,120000,28,120000,1339.2858,1339.2858
2375-001,0,0,0,0,0,,
2387-001,32,102.4,40000,32,40000,390.625,390.625
2389-001,28,89.599998,62000,28,62000,691.96429,691.96429
2394-001,0,0,0,0,0,,
2408-001,0,0,0,0,0,,
2425-001,0,0,0,0,0,,
2426-001,0,0,0,0,0,,
2428-001,44,140.8,405000,44,405000,2876.4204,2876.4204
2430-001,0,0,0,0,0,,
2431-001,0,0,0,0,0,,
2432-001,75,240,45000,75,45000,187.5,187.5
2435-001,6,19.200001,70,6,70,3.6458333,3.6458333
2445-001,0,0,0,0,0,,
2446-001,0,0,0,0,0,,
2447-001,0,0,0,0,0,,
2448-001,0,0,0,0,0,,
2449-001,0,0,0,0,0,,
2450-001,0,0,0,0,0,,
2451-001,0,0,0,0,0,,
2464-001,76,243.2,410000,76,410000,1685.8552,1685.8552
2468-001,2,6.4000001,75000,2,75000,11718.75,11718.75
2471-001,18,57.599998,0,18,64905.242,1126.8271,359
2482-001,3,9.6000004,35000,3,35000,3645.8333,3645.8333
2483-001,0,0,0,0,0,,
2484-001,0,0,0,0,0,,
2485-001,15,48,30000,15,30000,625,625
2486-001,0,0,0,0,0,,
2487-001,20,64,80000,20,80000,1250,1250
2488-001,0,0,0,0,0,,
2489-001,41,131.2,81000,41,81000,617.37805,617.37805
2501-001,0,0,0,0,0,,
2502-001,0,0,0,0,0,,
2503-001,0,0,0,0,0,,
2504-001,54,172.8,110000,54,110000,636.57404,636.57404
2505-001,0,0,0,0,0,,
2507-001,11,35.200001,31000,11,31000,880.68182,880.68182
2508-001,0,0,0,0,0,,
2520-001,0,0,0,0,0,,
2521-001,0,0,0,0,0,,
2522-001,6,19.200001,10000,6,10000,520.83331,520.83331
2523-001,0,0,0,0,0,,
2524-001,0,0,0,0,0,,
2526-001,0,0,0,0,0,,
2527-001,0,0,0,0,0,,
2558-001,0,0,0,0,0,,
2559-001,0,0,0,0,0,,
2560-001,6,19.200001,60000,6,60000,3124.9998,3124.9998
2564-001,0,0,0,0,0,,
2566-001,45,144,170000,45,170000,1180.5555,1180.5555
2577-001,0,0,0,0,0,,
2578-001,0,0,0,0,0,,
2579-001,14,44.799999,15000,14,15000,334.82144,334.82144
2580-001,0,0,0,0,0,,
2581-001,0,0,0,0,0,,
2582-001,8,25.6,35000,8,35000,1367.1875,1367.1875
2583-001,0,0,0,0,0,,
2584-001,35,112,10500,35,10500,93.75,93.75
2596-001,0,0,0,0,0,,
2597-001,8,25.6,55000,8,55000,2148.4375,2148.4375
2598-001,31,99.199997,67000,31,67000,675.40326,675.40326
2599-001,0,0,0,0,0,,
2600-001,0,0,0,0,0,,
2601-001,0,0,0,0,0,,
2602-001,0,0,0,0,0,,
2603-001,0,0,0,0,0,,
2615-001,0,0,0,0,0,,
2616-001,0,0,0,0,0,,
2618-001,2,6.4000001,0,2,13322.826,2081.6917,359
2619-001,15,48,65000,15,65000,1354.1666,1354.1666
2620-001,8,25.6,40000,8,40000,1562.5,1562.5
2621-001,0,0,0,0,0,,
2622-001,0,0,0,0,0,,
2634-001,0,0,0,0,0,,
2635-001,0,0,0,0,0,,
2636-001,0,0,0,0,0,,
2637-001,0,0,0,0,0,,
2638-001,2,6.4000001,0,2,13322.826,2081.6917,359
2639-001,0,0,0,0,0,,
2640-001,0,0,0,0,0,,
2641-001,0,0,0,0,0,,
2653-001,0,0,0,0,0,,
2654-001,8,25.6,40000,8,40000,1562.5,1562.5
2656-001,24,76.800003,135000,24,135000,1757.8124,1757.8124
2657-001,0,0,0,0,0,,
2658-001,0,0,0,0,0,,
2659-001,0,0,0,0,0,,
2672-001,0,0,0,0,0,,
2673-001,0,0,0,0,0,,
2674-001,20,64,20000,20,20000,312.5,312.5
2675-001,7,22.4,14000,7,14000,625,625
2676-001,0,0,0,0,0,,
2677-001,0,0,0,0,0,,
2678-001,0,0,0,0,0,,
2679-001,0,0,0,0,0,,
2691-001,11,35.200001,50000,11,50000,1420.4545,1420.4545
2692-001,0,0,0,0,0,,
2693-001,2,6.4000001,5000,2,5000,781.25,781.25
2694-001,14,44.799999,47000,14,47000,1049.1072,1049.1072
2695-001,0,0,0,0,0,,
2696-001,1,3.2,5000,1,5000,1562.5,1562.5
2710-001,0,0,0,0,0,,
2711-001,147,470.39999,1130000,147,1130000,2402.2109,2402.2109
2713-001,0,0,0,0,0,,
2714-001,318,1017.6,1446000,318,1446000,1420.9906,1420.9906
2715-001,0,0,0,0,0,,
2716-001,0,0,0,0,0,,
2717-001,32,102.4,320000,32,320000,3125,3125
2735-001,81,259.20001,1035000,81,1035000,3993.0554,3993.0554
2736-001,14,44.799999,100000,14,100000,2232.1428,2232.1428
2748-001,2,6.4000001,50000,2,50000,7812.5,7812.5
2750-001,86,275.20001,250000,86,250000,908.43018,908.43018
2752-001,76,243.2,240000,76,240000,986.8421,986.8421
2754-001,16,51.200001,30000,16,30000,585.9375,585.9375
2755-001,21,67.199997,70000,21,70000,1041.6667,1041.6667
2767-001,0,0,0,0,0,,
2770-001,31,99.199997,85000,31,85000,856.85486,856.85486
2786-001,0,0,0,0,0,,
2787-001,0,0,0,0,0,,
2790-001,0,0,0,0,0,,
2791-001,4,12.8,12000,4,12000,937.5,937.5
2792-001,0,0,0,0,0,,
2793-001,0,0,0,0,0,,
2805-001,0,0,0,0,0,,
2806-001,0,0,0,0,0,,
2807-001,0,0,0,0,0,,
2808-001,0,0,0,0,0,,
2810-001,0,0,0,0,0,,
2811-001,44,140.8,325000,44,325000,2308.2385,2308.2385
2812-001,10,32,0,10,39114.035,1222.3136,359
2829-001,6,19.200001,18000,6,18000,937.49994,937.49994
2834-001,0,0,0,0,0,,
2843-001,0,0,0,0,0,,
2844-001,52,166.39999,1240000,52,1240000,7451.9233,7451.9233
2845-001,7,22.4,20000,7,20000,892.85718,892.85718
2846-001,0,0,0,0,0,,
2848-001,6,19.200001,45000,6,45000,2343.75,2343.75
2849-001,0,0,0,0,0,,
2850-001,0,0,0,0,0,,
2866-001,2,6.4000001,15000,2,15000,2343.75,2343.75
2867-001,218,697.59998,0,218,709685.44,1017.3243,359
2881-001,39,124.8,0,39,132607.16,1062.5574,359
2882-001,4,12.8,50000,4,50000,3906.25,3906.25
2884-001,0,0,0,0,0,,
2885-001,16,51.200001,0,16,58457.441,1141.7468,359
2886-001,35,112,130000,35,130000,1160.7142,1160.7142
2888-001,17,54.400002,0,17,61681.34,1133.8481,359
2892-001,0,0,0,0,0,,
2900-001,0,0,0,0,0,,
2901-001,0,0,0,0,0,,
2902-001,0,0,0,0,0,,
2903-001,0,0,0,0,0,,
2904-001,0,0,0,0,0,,
2905-001,0,0,0,0,0,,
2906-001,33,105.6,134000,33,134000,1268.9395,1268.9395
2907-001,0,0,0,0,0,,
2919-001,0,0,0,0,0,,
2920-001,8,25.6,25000,8,25000,976.5625,976.5625
2921-001,0,0,0,0,0,,
2922-001,0,0,0,0,0,,
2923-001,0,0,0,0,0,,
2924-001,0,0,0,0,0,,
2925-001,5,16,0,5,22994.529,1437.1581,359
2926-001,21,67.199997,24000,21,24000,357.14288,357.14288
2938-001,6,19.200001,0,6,26218.43,1365.5432,359
2939-001,0,0,0,0,0,,
2940-001,6,19.200001,10000,6,10000,520.83331,520.83331
2941-001,0,0,0,0,0,,
2942-001,0,0,0,0,0,,
2943-001,0,0,0,0,0,,
2944-001,10,32,75000,10,75000,2343.75,2343.75
2957-001,0,0,0,0,0,,
2958-001,8,25.6,0,8,32666.232,1276.0247,359
2959-001,25,80,33000,25,33000,412.5,412.5
2960-001,4,12.8,2500,4,2500,195.3125,195.3125
2961-001,0,0,0,0,0,,
2962-001,8,25.6,0,8,32666.232,1276.0247,359
2963-001,0,0,0,0,0,,
2964-001,0,0,0,0,0,,
2977-001,0,0,0,0,0,,
2983-001,2,6.4000001,15000,2,15000,2343.75,2343.75
2996-001,4,12.8,20000,4,20000,1562.5,1562.5
2997-001,6,19.200001,0,6,26218.43,1365.5432,359
2998-001,0,0,0,0,0,,
2999-001,5,16,124000,5,124000,7750,7750
3000-001,41,131.2,80000,41,80000,609.7561,609.7561
3015-001,0,0,0,0,0,,
3016-001,9,28.799999,5000,9,5000,173.61111,173.61111
3018-001,7,22.4,6000,7,6000,267.85715,267.85715
3019-001,7,22.4,2500,7,2500,111.60715,111.60715
3020-001,5,16,0,5,22994.529,1437.1581,359
3022-001,8,25.6,15000,8,15000,585.9375,585.9375
3033-001,7,22.4,55000,7,55000,2455.3572,2455.3572
3034-001,44,140.8,113100,44,113100,803.26703,803.26703
3035-001,72,230.39999,165000,72,165000,716.14587,716.14587
3037-001,0,0,0,0,0,,
3038-001,24,76.800003,20000,24,20000,260.41666,260.41666
3039-001,12,38.400002,30000,12,30000,781.24994,781.24994
3040-001,4,12.8,90000,4,90000,7031.25,7031.25
3042-001,8,25.6,0,8,32666.232,1276.0247,359
3052-001,42,134.39999,290000,42,290000,2157.7383,2157.7383
3053-001,0,0,0,0,0,,
3058-001,39,124.8,30000,39,30000,240.38461,240.38461
3071-001,22,70.400002,40000,22,40000,568.18182,568.18182
3072-001,0,0,0,0,0,,
3073-001,58,185.60001,0,58,193861.28,1044.5112,359
3074-001,0,0,0,0,0,,
3075-001,2,6.4000001,0,2,13322.826,2081.6917,359
3076-001,20,64,60000,20,60000,937.5,937.5
3077-001,0,0,0,0,0,,
3078-001,34,108.8,120000,34,120000,1102.9412,1102.9412
3090-001,26,83.199997,34000,26,34000,408.65387,408.65387
3091-001,2,6.4000001,0,2,13322.826,2081.6917,359
3092-001,0,0,0,0,0,,
3093-001,0,0,0,0,0,,
3094-001,0,0,0,0,0,,
3095-001,6,19.200001,25000,6,25000,1302.0833,1302.0833
3096-001,7,22.4,100000,7,100000,4464.2856,4464.2856
3097-001,0,0,0,0,0,,
3109-001,0,0,0,0,0,,
3110-001,29,92.800003,0,29,100368.16,1081.5533,359
3114-001,12,38.400002,0,12,45561.836,1186.5061,359
3115-001,0,0,0,0,0,,
3116-001,6,19.200001,0,6,26218.43,1365.5432,359
3117-001,0,0,0,0,0,,
3128-001,0,0,0,0,0,,
3129-001,0,0,0,0,0,,
3130-001,26,83.199997,360000,26,360000,4326.9233,4326.9233
3131-001,110,352,1910000,110,1910000,5426.1362,5426.1362
3132-001,25,80,150000,25,150000,1875,1875
3133-001,84,268.79999,450000,84,450000,1674.1072,1674.1072
3134-001,52,166.39999,600000,52,600000,3605.7693,3605.7693
3135-001,28,89.599998,60000,28,60000,669.64288,669.64288
3147-001,0,0,0,0,0,,
3148-001,0,0,0,0,0,,
3149-001,8,25.6,12000,8,12000,468.75,468.75
3150-001,151,483.20001,745000,151,745000,1541.8046,1541.8046
3151-001,0,0,0,0,0,,
3152-001,0,0,0,0,0,,
3153-001,65,208,211000,65,211000,1014.4231,1014.4231
3154-001,3,9.6000004,30000,3,30000,3124.9998,3124.9998
3166-001,0,0,0,0,0,,
3167-001,0,0,0,0,0,,
3168-001,10,32,30000,10,30000,937.5,937.5
3169-001,0,0,0,0,0,,
3171-001,19,60.799999,96000,19,96000,1578.9474,1578.9474
3172-001,0,0,0,0,0,,
3173-001,49,156.8,49000,49,49000,312.5,312.5
3185-001,0,0,0,0,0,,
3186-001,0,0,0,0,0,,
3187-001,0,0,0,0,0,,
3188-001,0,0,0,0,0,,
3189-001,0,0,0,0,0,,
3190-001,0,0,0,0,0,,
3191-001,36,115.2,78000,36,78000,677.08337,677.08337
3192-001,0,0,0,0,0,,
3204-001,14,44.799999,80000,14,80000,1785.7144,1785.7144
3205-001,0,0,0,0,0,,
3206-001,0,0,0,0,0,,
3207-001,0,0,0,0,0,,
3208-001,184,588.79999,371000,184,371000,630.09509,630.09509
3209-001,75,240,270000,75,270000,1125,1125
3210-001,0,0,0,0,0,,
3211-001,0,0,0,0,0,,
3223-001,12,38.400002,80000,12,80000,2083.3333,2083.3333
3224-001,28,89.599998,151000,28,151000,1685.2679,1685.2679
3225-001,0,0,0,0,0,,
3226-001,0,0,0,0,0,,
3227-001,72,230.39999,380000,72,380000,1649.3055,1649.3055
3229-001,27,86.400002,190000,27,190000,2199.074,2199.074
3230-001,14,44.799999,163000,14,163000,3638.3928,3638.3928
3243-001,36,115.2,100000,36,100000,868.0556,868.0556
3244-001,32,102.4,55000,32,55000,537.10938,537.10938
3246-001,52,166.39999,85000,52,85000,510.81732,510.81732
3248-001,16,51.200001,76000,16,76000,1484.375,1484.375
3249-001,46,147.2,190000,46,190000,1290.7609,1290.7609
3261-001,440,1408,1805000,440,1805000,1281.9602,1281.9602
3262-001,148,473.60001,558000,148,558000,1178.2095,1178.2095
3263-001,126,403.20001,1351000,126,1351000,3350.6943,3350.6943
3264-001,0,0,0,0,0,,
3265-001,123,393.60001,135000,123,135000,342.98779,342.98779
3266-001,97,310.39999,140000,97,140000,451.03094,451.03094
3267-001,0,0,0,0,0,,
3268-001,17,54.400002,104000,17,104000,1911.7646,1911.7646
3305-001,0,0,0,0,0,,
3325-001,0,0,0,0,0,,
3419-001,0,0,0,0,0,,
3462-001,0,0,0,0,0,,
3492-001,0,0,0,0,0,,
3495-001,0,0,0,0,0,,
3546-001,16,51.200001,45000,16,45000,878.90625,878.90625
3549-001,4,12.8,30000,4,30000,2343.75,2343.75
3603-001,0,0,0,0,0,,
3605-001,0,0,0,0,0,,
3606-001,0,0,0,0,0,,
3607-001,0,0,0,0,0,,
3608-001,10,32,30000,10,30000,937.5,937.5
3609-001,0,0,0,0,0,,
3610-001,0,0,0,0,0,,
3622-001,0,0,0,0,0,,
3627-001,46,147.2,440000,46,440000,2989.1306,2989.1306
3628-001,6,19.200001,70000,6,70000,3645.8333,3645.8333
3630-001,6,19.200001,5500,6,5500,286.45831,286.45831
3641-001,12,38.400002,15000,12,15000,390.62497,390.62497
3642-001,12,38.400002,36000,12,36000,937.49994,937.49994
3643-001,23,73.599998,15000,23,15000,203.80435,203.80435
3644-001,0,0,0,0,0,,
3645-001,0,0,0,0,0,,
3646-001,0,0,0,0,0,,
3647-001,0,0,0,0,0,,
3648-001,30,96,30000,30,30000,312.5,312.5
3660-001,124,396.79999,2200000,124,2200000,5544.355,5544.355
3662-001,0,0,0,0,0,,
3663-001,0,0,0,0,0,,
3664-001,0,0,0,0,0,,
3665-001,8,25.6,100000,8,100000,3906.25,3906.25
3666-001,0,0,0,0,0,,
3667-001,1,3.2,8000,1,8000,2500,2500
3682-001,12,38.400002,50000,12,50000,1302.0833,1302.0833
3687-001,6,19.200001,20000,6,20000,1041.6666,1041.6666
3698-001,12,38.400002,400000,12,400000,10416.666,10416.666
3699-001,7,22.4,70000,7,70000,3125,3125
3702-001,2,6.4000001,40000,2,40000,6250,6250
3703-001,0,0,0,0,0,,
3704-001,0,0,0,0,0,,
3705-001,3,9.6000004,30000,3,30000,3124.9998,3124.9998
3717-001,0,0,0,0,0,,
3718-001,0,0,0,0,0,,
3719-001,0,0,0,0,0,,
3720-001,35,112,40000,35,40000,357.14285,357.14285
3721-001,0,0,0,0,0,,
3722-001,0,0,0,0,0,,
3723-001,0,0,0,0,0,,
3724-001,15,48,20000,15,20000,416.66666,416.66666
3737-001,0,0,0,0,0,,
3738-001,0,0,0,0,0,,
3739-001,0,0,0,0,0,,
3740-001,50,160,0,50,168070.08,1050.438,359
3741-001,6,19.200001,35000,6,35000,1822.9166,1822.9166
3742-001,0,0,0,0,0,,
3743-001,16,51.200001,440000,16,440000,8593.75,8593.75
3755-001,3,9.6000004,1500,3,1500,156.25,156.25
3758-001,15,48,70000,15,70000,1458.3334,1458.3334
3760-001,1,3.2,5000,1,5000,1562.5,1562.5
3762-001,0,0,0,0,0,,
3774-001,0,0,0,0,0,,
3775-001,22,70.400002,60000,22,60000,852.27271,852.27271
3776-001,18,57.599998,35000,18,35000,607.63892,607.63892
3777-001,36,115.2,0,36,122935.46,1067.1481,359
3778-001,0,0,0,0,0,,
3779-001,20,64,50000,20,50000,781.25,781.25
3780-001,6,19.200001,0,6,26218.43,1365.5432,359
3781-001,0,0,0,0,0,,
3794-001,0,0,0,0,0,,
3795-001,0,0,0,0,0,,
3796-001,0,0,0,0,0,,
3797-001,29,92.800003,125000,29,125000,1346.9827,1346.9827
3798-001,7,22.4,0,7,29442.33,1314.3898,359
3799-001,0,0,0,0,0,,
3800-001,36,115.2,0,36,122935.46,1067.1481,359
3812-001,0,0,0,0,0,,
3815-001,16,51.200001,415000,16,415000,8105.4688,8105.4688
3816-001,15,48,16000,15,16000,333.33334,333.33334
3817-001,1,3.2,60000,1,60000,18750,18750
3818-001,34,108.8,80000,34,80000,735.29407,735.29407
3819-001,0,0,0,0,0,,
3831-001,0,0,0,0,0,,
3832-001,0,0,0,0,0,,
3833-001,1,3.2,50000,1,50000,15625,15625
3834-001,1,3.2,10000,1,10000,3125,3125
3835-001,4,12.8,7000,4,7000,546.875,546.875
3836-001,0,0,0,0,0,,
3837-001,0,0,0,0,0,,
3838-001,20,64,165400,20,165400,2584.375,2584.375
3850-001,18,57.599998,90000,18,90000,1562.5,1562.5
3851-001,0,0,0,0,0,,
3852-001,305,976,1356000,305,1356000,1389.3442,1389.3442
3854-001,16,51.200001,0,16,58457.441,1141.7468,359
3855-001,0,0,0,0,0,,
3856-001,7,22.4,0,7,29442.33,1314.3898,359
3857-001,0,0,0,0,0,,
3859-001,0,0,0,0,0,,
3869-001,3,9.6000004,0,3,16546.727,1723.6173,359
3870-001,12,38.400002,56000,12,56000,1458.3333,1458.3333
3871-001,0,0,0,0,0,,
3872-001,0,0,0,0,0,,
3873-001,0,0,0,0,0,,
3874-001,8,25.6,40000,8,40000,1562.5,1562.5
3875-001,0,0,0,0,0,,
3876-001,0,0,0,0,0,,
3888-001,0,0,0,0,0,,
3889-001,142,454.39999,150000,142,150000,330.10565,330.10565
3890-001,0,0,0,0,0,,
3891-001,3,9.6000004,23000,3,23000,2395.8333,2395.8333
3892-001,0,0,0,0,0,,
3893-001,0,0,0,0,0,,
3894-001,8,25.6,56000,8,56000,2187.5,2187.5
3895-001,86,275.20001,235000,86,235000,853.92438,853.92438
3907-001,2,6.4000001,0,2,13322.826,2081.6917,359
3909-001,0,0,0,0,0,,
3911-001,0,0,0,0,0,,
3914-001,16,51.200001,60000,16,60000,1171.875,1171.875
3926-001,0,0,0,0,0,,
3931-001,52,166.39999,180000,52,180000,1081.7308,1081.7308
3932-001,0,0,0,0,0,,
3933-001,40,128,214000,40,214000,1671.875,1671.875
3945-001,0,0,0,0,0,,
3946-001,0,0,0,0,0,,
3947-001,0,0,0,0,0,,
3948-001,0,0,0,0,0,,
3949-001,0,0,0,0,0,,
3950-001,0,0,0,0,0,,
3951-001,0,0,0,0,0,,
3967-001,0,0,0,0,0,,
3970-001,54,172.8,335000,54,335000,1938.6573,1938.6573
3972-001,0,0,0,0,0,,
3983-001,0,0,0,0,0,,
3990-001,0,0,0,0,0,,
4002-001,0,0,0,0,0,,
4003-001,1,3.2,0,1,10098.925,3155.9141,359
4004-001,3,9.6000004,6000,3,6000,625,625
4005-001,6,19.200001,12000,6,12000,625,625
4006-001,2,6.4000001,0,2,13322.826,2081.6917,359
4007-001,49,156.8,87000,49,87000,554.84692,554.84692
4008-001,0,0,0,0,0,,
4012-001,15,48,3000,15,3000,62.5,62.5
4022-001,0,0,0,0,0,,
4023-001,0,0,0,0,0,,
4024-001,2,6.4000001,50000,2,50000,7812.5,7812.5
4025-001,36,115.2,75000,36,75000,651.04169,651.04169
4026-001,80,256,190000,80,190000,742.1875,742.1875
4027-001,2,6.4000001,0,2,13322.826,2081.6917,359
4028-001,42,134.39999,73000,42,73000,543.15479,543.15479
4032-001,80,256,0,80,264787.09,1034.3246,359
4040-001,6,19.200001,5000,6,5000,260.41666,260.41666
4041-001,6,19.200001,20000,6,20000,1041.6666,1041.6666
4042-001,0,0,0,0,0,,
4043-001,181,579.20001,845000,181,845000,1458.9088,1458.9088
4044-001,82,262.39999,10000,82,10000,38.109756,38.109756
4045-001,67,214.39999,72000,67,72000,335.82089,335.82089
4046-001,51,163.2,115700,51,115700,708.94611,708.94611
4047-001,0,0,0,0,0,,
4062-001,0,0,0,0,0,,
4064-001,0,0,0,0,0,,
4078-001,8,25.6,31000,8,31000,1210.9375,1210.9375
4079-001,0,0,0,0,0,,
4080-001,13,41.599998,50000,13,50000,1201.9231,1201.9231
4081-001,3,9.6000004,2800,3,2800,291.66666,291.66666
4082-001,17,54.400002,0,17,61681.34,1133.8481,359
4083-001,0,0,0,0,0,,
4084-001,70,224,126000,70,126000,562.5,562.5
4085-001,0,0,0,0,0,,
4097-001,0,0,0,0,0,,
4099-001,24,76.800003,90000,24,90000,1171.875,1171.875
4100-001,27,86.400002,81000,27,81000,937.5,937.5
4103-001,38,121.6,240000,38,240000,1973.6842,1973.6842
4104-001,0,0,0,0,0,,
4116-001,0,0,0,0,0,,
4117-001,0,0,0,0,0,,
4118-001,13,41.599998,42000,13,42000,1009.6154,1009.6154
4119-001,17,54.400002,135000,17,135000,2481.6177,2481.6177
4120-001,2,6.4000001,80000,2,80000,12500,12500
4121-001,10,32,45000,10,45000,1406.25,1406.25
4122-001,0,0,0,0,0,,
4123-001,0,0,0,0,0,,
4135-001,0,0,0,0,0,,
4136-001,0,0,0,0,0,,
4137-001,0,0,0,0,0,,
4138-001,14,44.799999,14000,14,14000,312.5,312.5
4139-001,0,0,0,0,0,,
4140-001,0,0,0,0,0,,
4141-001,0,0,0,0,0,,
4142-001,0,0,0,0,0,,
4154-001,124,396.79999,810000,124,810000,2041.3307,2041.3307
4155-001,30,96,120000,30,120000,1250,1250
4156-001,0,0,0,0,0,,
4157-001,4,12.8,50000,4,50000,3906.25,3906.25
4158-001,0,0,0,0,0,,
4159-001,9,28.799999,230000,9,230000,7986.1113,7986.1113
4160-001,72,230.39999,260000,72,260000,1128.4723,1128.4723
4161-001,0,0,0,0,0,,
4175-001,0,0,0,0,0,,
4176-001,0,0,150000,0,150000,,
4178-001,14,44.799999,30000,14,30000,669.64288,669.64288
4179-001,0,0,0,0,0,,
4192-001,0,0,0,0,0,,
4195-001,48,153.60001,110000,48,110000,716.14581,716.14581
4196-001,0,0,0,0,0,,
4197-001,0,0,0,0,0,,
4198-001,0,0,0,0,0,,
4199-001,18,57.599998,0,18,64905.242,1126.8271,359
4200-001,0,0,0,0,0,,
4211-001,0,0,0,0,0,,
4212-001,0,0,0,0,0,,
4213-001,40,128,200000,40,200000,1562.5,1562.5
4214-001,3,9.6000004,50000,3,50000,5208.333,5208.333
4215-001,22,70.400002,230000,22,230000,3267.0454,3267.0454
4216-001,110,352,500000,110,500000,1420.4546,1420.4546
4217-001,0,0,0,0,0,,
4218-001,0,0,0,0,0,,
4234-001,31,99.199997,71000,31,71000,715.72583,715.72583
4249-001,0,0,0,0,0,,
4250-001,0,0,0,0,0,,
4251-001,5,16,25000,5,25000,1562.5,1562.5
4252-001,100,320,370000,100,370000,1156.25,1156.25
4253-001,0,0,0,0,0,,
4254-001,101,323.20001,518000,101,518000,1602.7227,1602.7227
4255-001,30,96,54500,30,54500,567.70831,567.70831
4256-001,0,0,0,0,0,,
4268-001,0,0,0,0,0,,
4269-001,0,0,0,0,0,,
4270-001,71,227.2,125000,71,125000,550.17609,550.17609
4271-001,159,508.79999,698000,159,698000,1371.8553,1371.8553
4273-001,0,0,0,0,0,,
4274-001,0,0,0,0,0,,
4275-001,10,32,40000,10,40000,1250,1250
4287-001,134,428.79999,383000,134,383000,893.19031,893.19031
4288-001,9,28.799999,24000,9,24000,833.33337,833.33337
4289-001,0,0,0,0,0,,
4290-001,20,64,140000,20,140000,2187.5,2187.5
4292-001,8,25.6,11000,8,11000,429.6875,429.6875
4306-001,53,169.60001,17500,53,17500,103.18396,103.18396
4307-001,20,64,5500,20,5500,85.9375,85.9375
4308-001,0,0,0,0,0,,
4309-001,189,604.79999,1737000,189,1737000,2872.0239,2872.0239
4310-001,0,0,0,0,0,,
4311-001,0,0,0,0,0,,
4312-001,0,0,0,0,0,,
4313-001,44,140.8,145000,44,145000,1029.8295,1029.8295
4325-001,22,70.400002,150000,22,150000,2130.6819,2130.6819
4326-001,0,0,0,0,0,,
4328-001,120,384,1333000,120,1333000,3471.3542,3471.3542
4329-001,0,0,0,0,0,,
4330-001,0,0,0,0,0,,
4331-001,0,0,0,0,0,,
4332-001,81,259.20001,525000,81,525000,2025.4629,2025.4629
4346-001,0,0,0,0,0,,
4348-001,94,300.79999,265000,94,265000,880.98407,880.98407
4349-001,42,134.39999,280000,42,280000,2083.3335,2083.3335
4363-001,10,32,55000,10,55000,1718.75,1718.75
4364-001,0,0,0,0,0,,
4365-001,0,0,0,0,0,,
4366-001,0,0,0,0,0,,
4367-001,0,0,0,0,0,,
4368-001,0,0,0,0,0,,
4369-001,0,0,0,0,0,,
4370-001,0,0,0,0,0,,
4383-001,33,105.6,74450,33,74450,705.01892,705.01892
4384-001,6,19.200001,40000,6,40000,2083.3333,2083.3333
4385-001,44,140.8,123400,44,123400,876.42041,876.42041
4386-001,0,0,0,0,0,,
4387-001,101,323.20001,161300,101,161300,499.07178,499.07178
4388-001,31,99.199997,130000,31,130000,1310.4839,1310.4839
4390-001,13,41.599998,15000,13,15000,360.57693,360.57693
4403-001,0,0,0,0,0,,
4405-001,2,6.4000001,0,2,13322.826,2081.6917,359
4407-001,0,0,0,0,0,,
4420-001,0,0,0,0,0,,
4421-001,47,150.39999,60000,47,60000,398.93619,398.93619
4422-001,8,25.6,60000,8,60000,2343.75,2343.75
4423-001,20,64,46900,20,46900,732.8125,732.8125
4424-001,113,361.60001,315000,113,315000,871.1283,871.1283
4425-001,97,310.39999,680000,97,680000,2190.7217,2190.7217
4426-001,10,32,0,10,39114.035,1222.3136,359
4427-001,2,6.4000001,0,2,13322.826,2081.6917,359
4439-001,2,6.4000001,0,2,13322.826,2081.6917,359
4440-001,0,0,0,0,0,,
4441-001,83,265.60001,139000,83,139000,523.34338,523.34338
4442-001,0,0,0,0,0,,
4443-001,19,60.799999,31000,19,31000,509.86844,509.86844
4444-001,0,0,10000,0,10000,,
4445-001,15,48,41100,15,41100,856.25,856.25
4446-001,0,0,0,0,0,,
4461-001,0,0,0,0,0,,
4462-001,14,44.799999,56000,14,56000,1250,1250
4463-001,0,0,0,0,0,,
4464-001,23,73.599998,0,23,81024.75,1100.8798,359
4465-001,29,92.800003,45000,29,45000,484.91379,484.91379
4467-001,13,41.599998,30000,13,30000,721.15387,721.15387
4477-001,40,128,41000,40,41000,320.3125,320.3125
4478-001,8,25.6,10000,8,10000,390.625,390.625
4479-001,0,0,0,0,0,,
4480-001,11,35.200001,0,11,42337.934,1202.7822,359
4482-001,0,0,0,0,0,,
4483-001,5,16,12000,5,12000,750,750
4484-001,108,345.60001,158000,108,158000,457.1759,457.1759
4496-001,61,195.2,112000,61,112000,573.77051,573.77051
4497-001,126,403.20001,162000,126,162000,401.78571,401.78571
4498-001,8,25.6,10000,8,10000,390.625,390.625
4499-001,333,1065.6,1652000,333,1652000,1550.3003,1550.3003
4500-001,0,0,0,0,0,,
4501-001,0,0,0,0,0,,
4502-001,16,51.200001,35000,16,35000,683.59375,683.59375
4503-001,250,800,600000,250,600000,750,750
4515-001,9,28.799999,10000,9,10000,347.22223,347.22223
4516-001,10,32,10000,10,10000,312.5,312.5
4517-001,29,92.800003,97000,29,97000,1045.2585,1045.2585
4518-001,18,57.599998,68000,18,68000,1180.5555,1180.5555
4519-001,46,147.2,0,46,155174.47,1054.1744,359
4520-001,18,57.599998,80000,18,80000,1388.8889,1388.8889
4521-001,0,0,0,0,0,,
4522-001,23,73.599998,26000,23,26000,353.26086,353.26086
4534-001,41,131.2,0,41,139054.97,1059.8702,359
4535-001,0,0,0,0,0,,
4537-001,27,86.400002,0,27,93920.352,1087.0411,359
4538-001,4,12.8,0,4,19770.629,1544.5803,359
4539-001,0,0,0,0,0,,
4540-001,138,441.60001,0,138,451773.38,1023.0375,359
4541-001,10,32,18000,10,18000,562.5,562.5
4543-001,36,115.2,60000,36,60000,520.83337,520.83337
4557-001,29,92.800003,64000,29,64000,689.65515,689.65515
4560-001,0,0,0,0,0,,
4572-001,5,16,15000,5,15000,937.5,937.5
4573-001,14,44.799999,6000,14,6000,133.92857,133.92857
4574-001,48,153.60001,28000,48,28000,182.29166,182.29166
4575-001,53,169.60001,40000,53,40000,235.84904,235.84904
4576-001,0,0,0,0,0,,
4577-001,11,35.200001,38000,11,38000,1079.5454,1079.5454
4578-001,0,0,0,0,0,,
4579-001,33,105.6,32000,33,32000,303.0303,303.0303
4591-001,85,272,149000,85,149000,547.79413,547.79413
4592-001,0,0,0,0,0,,
4593-001,48,153.60001,0,48,161622.27,1052.2283,359
4594-001,112,358.39999,425000,112,425000,1185.8259,1185.8259
4595-001,105,336,120000,105,120000,357.14285,357.14285
4596-001,80,256,132000,80,132000,515.625,515.625
4597-001,64,204.8,45000,64,45000,219.72656,219.72656
4598-001,53,169.60001,250000,53,250000,1474.0565,1474.0565
4610-001,105,336,0,105,345384.63,1027.9304,359
4611-001,17,54.400002,17000,17,17000,312.5,312.5
4612-001,12,38.400002,160000,12,160000,4166.6665,4166.6665
4613-001,25,80,6000,25,6000,75,75
4614-001,7,22.4,16000,7,16000,714.28571,714.28571
4615-001,51,163.2,65000,51,65000,398.28433,398.28433
4616-001,0,0,0,0,0,,
4618-001,43,137.60001,205000,43,205000,1489.8256,1489.8256
4629-001,14,44.799999,9500,14,9500,212.05357,212.05357
4630-001,10,32,20000,10,20000,625,625
4631-001,10,32,0,10,39114.035,1222.3136,359
4633-001,6,19.200001,0,6,26218.43,1365.5432,359
4634-001,82,262.39999,108500,82,108500,413.49088,413.49088
4635-001,16,51.200001,0,16,58457.441,1141.7468,359
4636-001,14,44.799999,0,14,52009.637,1160.9294,359
4640-001,0,0,0,0,0,,
4648-001,4,12.8,25000,4,25000,1953.125,1953.125
4649-001,4,12.8,30000,4,30000,2343.75,2343.75
4650-001,2,6.4000001,25000,2,25000,3906.25,3906.25
4651-001,0,0,0,0,0,,
4652-001,21,67.199997,35000,21,35000,520.83337,520.83337
4653-001,16,51.200001,23000,16,23000,449.21875,449.21875
4654-001,0,0,0,0,0,,
4655-001,12,38.400002,25000,12,25000,651.04163,651.04163
4667-001,9,28.799999,35,9,35,1.2152778,1.2152778
4668-001,2,6.4000001,36000,2,36000,5625,5625
4669-001,0,0,0,0,0,,
4670-001,7,22.4,40000,7,40000,1785.7144,1785.7144
4671-001,5,16,20000,5,20000,1250,1250
4672-001,38,121.6,191000,38,191000,1570.7238,1570.7238
4673-001,20,64,163000,20,163000,2546.875,2546.875
4674-001,14,44.799999,70000,14,70000,1562.5,1562.5
4686-001,23,73.599998,85000,23,85000,1154.8914,1154.8914
4687-001,3,9.6000004,20000,3,20000,2083.3333,2083.3333
4690-001,0,0,0,0,0,,
4693-001,0,0,0,0,0,,
4705-001,32,102.4,0,32,110039.86,1074.608,359
4706-001,36,115.2,220000,36,220000,1909.7223,1909.7223
4707-001,28,89.599998,48000,28,48000,535.71429,535.71429
4708-001,6,19.200001,240000,6,240000,12499.999,12499.999
4709-001,0,0,0,0,0,,
4710-001,18,57.599998,110000,18,110000,1909.7223,1909.7223
4711-001,0,0,0,0,0,,
4712-001,15,48,0,15,55233.539,1150.6987,359
4725-001,20,64,105000,20,105000,1640.625,1640.625
4726-001,13,41.599998,50000,13,50000,1201.9231,1201.9231
4727-001,0,0,0,0,0,,
4728-001,0,0,0,0,0,,
4729-001,0,0,0,0,0,,
4730-001,0,0,0,0,0,,
4731-001,3,9.6000004,22000,3,22000,2291.6665,2291.6665
4743-001,0,0,0,0,0,,
4744-001,0,0,0,0,0,,
4745-001,21,67.199997,16000,21,16000,238.09525,238.09525
4746-001,0,0,0,0,0,,
4747-001,0,0,0,0,0,,
4748-001,9,28.799999,44000,9,44000,1527.7778,1527.7778
4749-001,24,76.800003,17400,24,17400,226.56248,226.56248
4750-001,0,0,0,0,0,,
4762-001,43,137.60001,150000,43,150000,1090.1162,1090.1162
4763-001,0,0,0,0,0,,
4764-001,18,57.599998,110000,18,110000,1909.7223,1909.7223
4765-001,20,64,80000,20,80000,1250,1250
4766-001,36,115.2,0,36,122935.46,1067.1481,359
4767-001,6,19.200001,50000,6,50000,2604.1665,2604.1665
4768-001,33,105.6,106000,33,106000,1003.7879,1003.7879
4769-001,0,0,0,0,0,,
4781-001,20,64,50000,20,50000,781.25,781.25
4782-001,20,64,12000,20,12000,187.5,187.5
4783-001,0,0,0,0,0,,
4785-001,2,6.4000001,5000,2,5000,781.25,781.25
4786-001,7,22.4,19000,7,19000,848.21429,848.21429
4787-001,55,176,84000,55,84000,477.27274,477.27274
4788-001,0,0,0,0,0,,
4789-001,29,92.800003,73000,29,73000,786.63788,786.63788
4800-001,0,0,0,0,0,,
4801-001,0,0,0,0,0,,
4802-001,0,0,0,0,0,,
4803-001,0,0,0,0,0,,
4804-001,55,176,393000,55,393000,2232.9546,2232.9546
4805-001,71,227.2,158000,71,158000,695.42255,695.42255
4806-001,26,83.199997,37000,26,37000,444.71155,444.71155
4807-001,0,0,0,0,0,,
4820-001,0,0,0,0,0,,
4821-001,0,0,0,0,0,,
4822-001,0,0,0,0,0,,
4823-001,0,0,0,0,0,,
4824-001,3,9.6000004,10000,3,10000,1041.6666,1041.6666
4825-001,2,6.4000001,20000,2,20000,3125,3125
4826-001,44,140.8,260000,44,260000,1846.5908,1846.5908
4829-001,19,60.799999,30000,19,30000,493.42105,493.42105
4838-001,0,0,0,0,0,,
4839-001,0,0,0,0,0,,
4840-001,17,54.400002,33000,17,33000,606.61761,606.61761
4841-001,0,0,0,0,0,,
4842-001,27,86.400002,180000,27,180000,2083.3333,2083.3333
4843-001,12,38.400002,0,12,45561.836,1186.5061,359
4844-001,0,0,0,0,0,,
4845-001,30,96,270000,30,270000,2812.5,2812.5
4857-001,0,0,0,0,0,,
4858-001,9,28.799999,27000,9,27000,937.5,937.5
4859-001,9,28.799999,33000,9,33000,1145.8334,1145.8334
4860-001,8,25.6,3000,8,3000,117.1875,117.1875
4861-001,7,22.4,97000,7,97000,4330.3574,4330.3574
4862-001,0,0,0,0,0,,
4863-001,0,0,0,0,0,,
4864-001,8,25.6,64000,8,64000,2500,2500
4876-001,7,22.4,78000,7,78000,3482.1428,3482.1428
4877-001,0,0,0,0,0,,
4878-001,30,96,195000,30,195000,2031.25,2031.25
4879-001,0,0,0,0,0,,
4880-001,0,0,0,0,0,,
4881-001,0,0,0,0,0,,
4882-001,10,32,40000,10,40000,1250,1250
4883-001,6,19.200001,15000,6,15000,781.24994,781.24994
4895-001,18,57.599998,16000,18,16000,277.77777,277.77777
4896-001,0,0,0,0,0,,
4897-001,0,0,0,0,0,,
4898-001,4,12.8,10000,4,10000,781.25,781.25
4899-001,8,25.6,41000,8,41000,1601.5625,1601.5625
4900-001,1,3.2,0,1,10098.925,3155.9141,359
4901-001,0,0,0,0,0,,
4902-001,19,60.799999,95000,19,95000,1562.5,1562.5
4914-001,0,0,0,0,0,,
4915-001,0,0,0,0,0,,
4916-001,0,0,0,0,0,,
4917-001,0,0,0,0,0,,
4918-001,0,0,0,0,0,,
4919-001,0,0,0,0,0,,
4920-001,0,0,0,0,0,,
4921-001,0,0,0,0,0,,
4934-001,5,16,0,5,22994.529,1437.1581,359
4935-001,26,83.199997,90000,26,90000,1081.7308,1081.7308
4936-001,0,0,0,0,0,,
4937-001,87,278.39999,124000,87,124000,445.40231,445.40231
4938-001,0,0,0,0,0,,
4939-001,0,0,0,0,0,,
4940-001,0,0,0,0,0,,
4954-001,80,256,275000,80,275000,1074.2188,1074.2188
4955-001,60,192,0,60,200309.08,1043.2765,359
4971-001,0,0,0,0,0,,
4972-001,13,41.599998,88000,13,88000,2115.3848,2115.3848
4973-001,24,76.800003,69000,24,69000,898.43744,898.43744
4974-001,0,0,0,0,0,,
4975-001,0,0,0,0,0,,
4976-001,64,204.8,148000,64,148000,722.65625,722.65625
4978-001,9,28.799999,0,9,35890.133,1246.1852,359
4990-001,13,41.599998,30000,13,30000,721.15387,721.15387
4991-001,91,291.20001,510000,91,510000,1751.3735,1751.3735
4992-001,1,3.2,0,1,10098.925,3155.9141,359
4993-001,14,44.799999,0,14,52009.637,1160.9294,359
4994-001,0,0,0,0,0,,
4995-001,0,0,0,0,0,,
4996-001,0,0,0,0,0,,
4997-001,80,256,0,80,264787.09,1034.3246,359
5009-001,1,3.2,27000,1,27000,8437.5,8437.5
5012-001,13,41.599998,0,13,48785.738,1172.7341,359
5013-001,0,0,0,0,0,,
5014-001,0,0,0,0,0,,
5015-001,0,0,0,0,0,,
5016-001,0,0,0,0,0,,
5030-001,0,0,0,0,0,,
5031-001,26,83.199997,130000,26,130000,1562.5,1562.5
5032-001,27,86.400002,45000,27,45000,520.83331,520.83331
5033-001,21,67.199997,210000,21,210000,3125.0002,3125.0002
5034-001,0,0,0,0,0,,
5066-001,0,0,0,0,0,,
5067-001,4,12.8,9000,4,9000,703.125,703.125
5068-001,23,73.599998,90000,23,90000,1222.8262,1222.8262
5070-001,30,96,50000,30,50000,520.83331,520.83331
5071-001,262,838.40002,1666000,262,1666000,1987.1183,1987.1183
5072-001,267,854.40002,140000,267,140000,163.85767,163.85767
5073-001,12,38.400002,117000,12,117000,3046.875,3046.875
5085-001,0,0,0,0,0,,
5086-001,2,6.4000001,0,2,13322.826,2081.6917,359
5087-001,2,6.4000001,0,2,13322.826,2081.6917,359
5088-001,6,19.200001,15000,6,15000,781.24994,781.24994
5089-001,11,35.200001,0,11,42337.934,1202.7822,359
5090-001,0,0,0,0,0,,
5091-001,6,19.200001,34000,6,34000,1770.8333,1770.8333
5092-001,0,0,0,0,0,,
5127-001,50,160,200000,50,200000,1250,1250
5131-001,0,0,0,0,0,,
5184-001,45,144,500000,45,500000,3472.2222,3472.2222
5241-001,0,0,0,0,0,,
5245-001,19,60.799999,300000,19,300000,4934.2104,4934.2104
5279-001,0,0,0,0,0,,
5318-001,0,0,0,0,0,,
5340-001,0,0,0,0,0,,
5468-001,0,0,0,0,0,,
5473-001,0,0,0,0,0,,
5490-001,65,208,380000,65,380000,1826.9231,1826.9231
5529-001,0,0,0,0,0,,
5541-001,0,0,0,0,0,,
5543-001,20,64,50000,20,50000,781.25,781.25
5547-001,14,44.799999,36400,14,36400,812.5,812.5
5608-001,68,217.60001,665000,68,665000,3056.0662,3056.0662
5628-001,0,0,0,0,0,,
5693-001,0,0,0,0,0,,
5695-001,100,320,750000,100,750000,2343.75,2343.75
5696-001,21,67.199997,150000,21,150000,2232.1431,2232.1431
5697-001,8,25.6,30000,8,30000,1171.875,1171.875
5698-001,0,0,0,0,0,,
5699-001,8,25.6,30000,8,30000,1171.875,1171.875
5700-001,0,0,0,0,0,,
5719-001,0,0,0,0,0,,
5739-001,28,89.599998,275000,28,275000,3069.1965,3069.1965
5751-001,0,0,0,0,0,,
5769-001,14,44.799999,170000,14,170000,3794.6428,3794.6428
5770-001,0,0,0,0,0,,
5771-001,3,9.6000004,100000,3,100000,10416.666,10416.666
5772-001,0,0,0,0,0,,
5773-001,1,3.2,5000,1,5000,1562.5,1562.5
5774-001,2,6.4000001,5000,2,5000,781.25,781.25
5775-001,0,0,0,0,0,,
5776-001,0,0,0,0,0,,
5788-001,4,12.8,5000,4,5000,390.625,390.625
5789-001,6,19.200001,9000,6,9000,468.74997,468.74997
5790-001,16,51.200001,80000,16,80000,1562.5,1562.5
5791-001,26,83.199997,135000,26,135000,1622.5962,1622.5962
5792-001,2,6.4000001,2500,2,2500,390.625,390.625
5793-001,6,19.200001,0,6,26218.43,1365.5432,359
5794-001,0,0,0,0,0,,
5795-001,13,41.599998,98000,13,98000,2355.7693,2355.7693
5809-001,0,0,0,0,0,,
5813-001,0,0,0,0,0,,
5826-001,41,131.2,124000,41,124000,945.12195,945.12195
5827-001,0,0,0,0,0,,
5828-001,0,0,0,0,0,,
5829-001,4,12.8,50000,4,50000,3906.25,3906.25
5830-001,16,51.200001,70000,16,70000,1367.1875,1367.1875
5832-001,0,0,0,0,0,,
5833-001,0,0,0,0,0,,
5845-001,0,0,0,0,0,,
5846-001,44,140.8,160000,44,160000,1136.3636,1136.3636
5847-001,4,12.8,0,4,19770.629,1544.5803,359
5848-001,39,124.8,51000,39,51000,408.65384,408.65384
5849-001,0,0,0,0,0,,
5850-001,26,83.199997,0,26,90696.453,1090.1017,359
5851-001,11,35.200001,20000,11,20000,568.18182,568.18182
5852-001,0,0,0,0,0,,
5864-001,33,105.6,59000,33,59000,558.71216,558.71216
5865-001,12,38.400002,18000,12,18000,468.74997,468.74997
5866-001,53,169.60001,78000,53,78000,459.90564,459.90564
5868-001,0,0,0,0,0,,
5869-001,75,240,24000,75,24000,100,100
5870-001,0,0,0,0,0,,
5871-001,7,22.4,25000,7,25000,1116.0714,1116.0714
5872-001,0,0,0,0,0,,
5883-001,0,0,0,0,0,,
5884-001,55,176,108000,55,108000,613.63635,613.63635
5885-001,0,0,0,0,0,,
5886-001,6,19.200001,45000,6,45000,2343.75,2343.75
5887-001,51,163.2,50000,51,50000,306.37256,306.37256
5890-001,0,0,0,0,0,,
5891-001,0,0,0,0,0,,
5892-001,0,0,0,0,0,,
5902-001,0,0,0,0,0,,
5903-001,312,998.40002,860000,312,860000,861.37817,861.37817
5904-001,0,0,0,0,0,,
5906-001,7,22.4,16000,7,16000,714.28571,714.28571
5907-001,0,0,0,0,0,,
5908-001,15,48,30000,15,30000,625,625
5909-001,77,246.39999,162000,77,162000,657.46753,657.46753
5911-001,0,0,0,0,0,,
5921-001,0,0,0,0,0,,
5924-001,17,54.400002,210000,17,210000,3860.2939,3860.2939
5927-001,0,0,0,0,0,,
5940-001,35,112,320000,35,320000,2857.1428,2857.1428
5941-001,0,0,0,0,0,,
5942-001,0,0,0,0,0,,
5943-001,3,9.6000004,0,3,16546.727,1723.6173,359
5945-001,0,0,0,0,0,,
5946-001,0,0,0,0,0,,
5947-001,17,54.400002,116000,17,116000,2132.3528,2132.3528
5949-001,2,6.4000001,30000,2,30000,4687.5,4687.5
5960-001,0,0,0,0,0,,
5961-001,34,108.8,110000,34,110000,1011.0294,1011.0294
5962-001,26,83.199997,74000,26,74000,889.4231,889.4231
5963-001,0,0,0,0,0,,
5964-001,14,44.799999,50000,14,50000,1116.0714,1116.0714
5966-001,0,0,0,0,0,,
5978-001,0,0,0,0,0,,
5979-001,11,35.200001,56000,11,56000,1590.9091,1590.9091
5980-001,0,0,0,0,0,,
5981-001,24,76.800003,46000,24,46000,598.95831,598.95831
5983-001,7,22.4,10000,7,10000,446.42859,446.42859
5984-001,720,2304,630000,720,630000,273.4375,273.4375
5985-001,0,0,0,0,0,,
5997-001,0,0,0,0,0,,
5998-001,0,0,0,0,0,,
5999-001,10,32,30000,10,30000,937.5,937.5
6000-001,42,134.39999,60000,42,60000,446.42859,446.42859
6001-001,0,0,0,0,0,,
6002-001,0,0,0,0,0,,
6003-001,29,92.800003,40000,29,40000,431.03445,431.03445
6018-001,14,44.799999,44000,14,44000,982.14288,982.14288
6021-001,4,12.8,20000,4,20000,1562.5,1562.5
6035-001,0,0,0,0,0,,
6036-001,0,0,0,0,0,,
6037-001,0,0,0,0,0,,
6038-001,3,9.6000004,25000,3,25000,2604.1665,2604.1665
6039-001,0,0,0,0,0,,
6040-001,50,160,30000,50,30000,187.5,187.5
6041-001,0,0,0,0,0,,
6042-001,7,22.4,21000,7,21000,937.5,937.5
6057-001,0,0,0,0,0,,
6074-001,82,262.39999,90000,82,90000,342.98782,342.98782
6075-001,0,0,0,0,0,,
6076-001,114,364.79999,114000,114,114000,312.5,312.5
6077-001,9,28.799999,6000,9,6000,208.33334,208.33334
6078-001,0,0,0,0,0,,
6079-001,4,12.8,0,4,19770.629,1544.5803,359
6080-001,0,0,0,0,0,,
6081-001,74,236.8,114000,74,114000,481.41891,481.41891
6092-001,0,0,0,0,0,,
6093-001,0,0,0,0,0,,
6094-001,0,0,0,0,0,,
6095-001,30,96,15000,30,15000,156.25,156.25
6096-001,60,192,89000,60,89000,463.54166,463.54166
6097-001,68,217.60001,0,68,226100.3,1039.0638,359
6098-001,0,0,0,0,0,,
6099-001,0,0,0,0,0,,
6111-001,0,0,0,0,0,,
6112-001,0,0,0,0,0,,
6113-001,0,0,0,0,0,,
6114-001,0,0,0,0,0,,
6115-001,0,0,0,0,0,,
6116-001,3,9.6000004,0,3,16546.727,1723.6173,359
6117-001,0,0,0,0,0,,
6118-001,0,0,0,0,0,,
6130-001,7,22.4,37000,7,37000,1651.7858,1651.7858
6131-001,0,0,0,0,0,,
6132-001,20,64,36000,20,36000,562.5,562.5
6133-001,29,92.800003,74000,29,74000,797.41376,797.41376
6134-001,0,0,0,0,0,,
6135-001,0,0,0,0,0,,
6137-001,23,73.599998,115000,23,115000,1562.5,1562.5
6149-001,201,643.20001,281500,201,281500,437.65546,437.65546
6150-001,4,12.8,17500,4,17500,1367.1875,1367.1875
6151-001,0,0,0,0,0,,
6152-001,28,89.599998,68000,28,68000,758.92859,758.92859
6153-001,50,160,50000,50,50000,312.5,312.5
6154-001,0,0,0,0,0,,
6155-001,0,0,0,0,0,,
6156-001,0,0,0,0,0,,
6168-001,0,0,0,0,0,,
6169-001,4,12.8,8000,4,8000,625,625
6170-001,0,0,0,0,0,,
6171-001,0,0,0,0,0,,
6172-001,3,9.6000004,10000,3,10000,1041.6666,1041.6666
6173-001,0,0,0,0,0,,
6174-001,0,0,0,0,0,,
6175-001,3,9.6000004,0,3,16546.727,1723.6173,359
6187-001,48,153.60001,115000,48,115000,748.69788,748.69788
6188-001,0,0,0,0,0,,
6189-001,0,0,0,0,0,,
6191-001,0,0,0,0,0,,
6192-001,19,60.799999,0,19,68129.141,1120.545,359
6193-001,0,0,0,0,0,,
6194-001,0,0,0,0,0,,
6195-001,0,0,0,0,0,,
6206-001,28,89.599998,52000,28,52000,580.35718,580.35718
6207-001,0,0,0,0,0,,
6208-001,165,528,330000,165,330000,625,625
6209-001,0,0,0,0,0,,
6210-001,4,12.8,8000,4,8000,625,625
6211-001,0,0,0,0,0,,
6212-001,0,0,0,0,0,,
6213-001,382,1222.4,795000,382,795000,650.35992,650.35992
6226-001,0,0,0,0,0,,
6227-001,0,0,0,0,0,,
6232-001,0,0,0,0,0,,
6244-001,20,64,31000,20,31000,484.375,484.375
6245-001,0,0,0,0,0,,
6246-001,0,0,0,0,0,,
6247-001,5,16,10000,5,10000,625,625
6248-001,0,0,0,0,0,,
6249-001,0,0,0,0,0,,
6250-001,0,0,0,0,0,,
6251-001,0,0,0,0,0,,
6263-001,58,185.60001,141000,58,141000,759.69824,759.69824
6264-001,0,0,0,0,0,,
6265-001,45,144,78000,45,78000,541.66669,541.66669
6266-001,56,179.2,60000,56,60000,334.82144,334.82144
6267-001,0,0,0,0,0,,
6268-001,34,108.8,166000,34,166000,1525.7352,1525.7352
6269-001,8,25.6,16000,8,16000,625,625
6270-001,10,32,15000,10,15000,468.75,468.75
6283-001,0,0,0,0,0,,
6302-001,0,0,0,0,0,,
6303-001,0,0,0,0,0,,
6305-001,0,0,0,0,0,,
6306-001,0,0,0,0,0,,
6308-001,3,9.6000004,60000,3,60000,6249.9995,6249.9995
6320-001,0,0,0,0,0,,
6321-001,0,0,0,0,0,,
6322-001,2,6.4000001,0,2,13322.826,2081.6917,359
6324-001,0,0,0,0,0,,
6325-001,0,0,0,0,0,,
6326-001,0,0,0,0,0,,
6328-001,0,0,0,0,0,,
6340-001,0,0,0,0,0,,
6341-001,6,19.200001,50000,6,50000,2604.1665,2604.1665
6343-001,0,0,0,0,0,,
6344-001,62,198.39999,20000,62,20000,100.80646,100.80646
6346-001,0,0,0,0,0,,
6358-001,17,54.400002,105,17,105,1.9301471,1.9301471
6359-001,0,0,0,0,0,,
6361-001,0,0,0,0,0,,
6364-001,0,0,0,0,0,,
6365-001,0,0,0,0,0,,
6366-001,0,0,0,0,0,,
6377-001,0,0,0,0,0,,
6378-001,0,0,0,0,0,,
6379-001,0,0,0,0,0,,
6380-001,7,22.4,0,7,29442.33,1314.3898,359
6381-001,0,0,0,0,0,,
6382-001,0,0,0,0,0,,
6383-001,0,0,0,0,0,,
6384-001,0,0,0,0,0,,
6396-001,38,121.6,305000,38,305000,2508.2236,2508.2236
6399-001,37,118.4,0,37,126159.36,1065.5352,359
6402-001,0,0,0,0,0,,
6415-001,54,172.8,620000,54,620000,3587.9629,3587.9629
6416-001,0,0,0,0,0,,
6417-001,0,0,0,0,0,,
6418-001,6,19.200001,50000,6,50000,2604.1665,2604.1665
6419-001,0,0,0,0,0,,
6420-001,10,32,50000,10,50000,1562.5,1562.5
6421-001,0,0,0,0,0,,
6422-001,63,201.60001,220000,63,220000,1091.2698,1091.2698
6434-001,55,176,95000,55,95000,539.77271,539.77271
6436-001,7,22.4,50000,7,50000,2232.1428,2232.1428
6438-001,0,0,0,0,0,,
6439-001,66,211.2,360000,66,360000,1704.5455,1704.5455
6441-001,0,0,0,0,0,,
6454-001,0,0,0,0,0,,
6455-001,0,0,0,0,0,,
6456-001,13,41.599998,30000,13,30000,721.15387,721.15387
6457-001,0,0,0,0,0,,
6458-001,0,0,0,0,0,,
6459-001,0,0,0,0,0,,
6461-001,20,64,30000,20,30000,468.75,468.75
6464-001,0,0,0,0,0,,
6472-001,0,0,0,0,0,,
6473-001,4,12.8,15000,4,15000,1171.875,1171.875
6474-001,0,0,0,0,0,,
6476-001,0,0,0,0,0,,
6477-001,0,0,0,0,0,,
6478-001,0,0,0,0,0,,
6479-001,0,0,0,0,0,,
6483-001,16,51.200001,80000,16,80000,1562.5,1562.5
6491-001,0,0,0,0,0,,
6492-001,0,0,0,0,0,,
6493-001,0,0,0,0,0,,
6494-001,0,0,0,0,0,,
6495-001,13,41.599998,280000,13,280000,6730.7695,6730.7695
6496-001,6,19.200001,60000,6,60000,3124.9998,3124.9998
6497-001,0,0,0,0,0,,
6498-001,0,0,0,0,0,,
6510-001,24,76.800003,100000,24,100000,1302.0833,1302.0833
6512-001,0,0,0,0,0,,
6514-001,16,51.200001,70000,16,70000,1367.1875,1367.1875
6515-001,0,0,0,0,0,,
6517-001,50,160,360000,50,360000,2250,2250
6519-001,0,0,0,0,0,,
6530-001,14,44.799999,30000,14,30000,669.64288,669.64288
6531-001,0,0,0,0,0,,
6540-001,0,0,0,0,0,,
6548-001,0,0,0,0,0,,
6549-001,5,16,30000,5,30000,1875,1875
6550-001,0,0,0,0,0,,
6551-001,4,12.8,10000,4,10000,781.25,781.25
6552-001,6,19.200001,25000,6,25000,1302.0833,1302.0833
6553-001,0,0,0,0,0,,
6554-001,4,12.8,15000,4,15000,1171.875,1171.875
6567-001,0,0,0,0,0,,
6568-001,0,0,0,0,0,,
6569-001,5,16,16000,5,16000,1000,1000
6570-001,9,28.799999,36000,9,36000,1250,1250
6572-001,8,25.6,70000,8,70000,2734.375,2734.375
6573-001,20,64,85000,20,85000,1328.125,1328.125
6574-001,7,22.4,35000,7,35000,1562.5,1562.5
6577-001,21,67.199997,75000,21,75000,1116.0715,1116.0715
6586-001,0,0,0,0,0,,
6589-001,0,0,0,0,0,,
6590-001,2,6.4000001,8000,2,8000,1250,1250
6591-001,0,0,0,0,0,,
6592-001,19,60.799999,78008,19,78008,1283.0264,1283.0264
6593-001,0,0,0,0,0,,
6594-001,0,0,0,0,0,,
6605-001,0,0,0,0,0,,
6606-001,0,0,0,0,0,,
6607-001,0,0,0,0,0,,
6608-001,4,12.8,5000,4,5000,390.625,390.625
6609-001,5,16,15000,5,15000,937.5,937.5
6610-001,0,0,0,0,0,,
6611-001,0,0,0,0,0,,
6612-001,0,0,0,0,0,,
6624-001,6,19.200001,25000,6,25000,1302.0833,1302.0833
6626-001,0,0,0,0,0,,
6629-001,0,0,0,0,0,,
6630-001,0,0,0,0,0,,
6631-001,0,0,0,0,0,,
6643-001,0,0,0,0,0,,
6644-001,8,25.6,0,8,32666.232,1276.0247,359
6645-001,0,0,0,0,0,,
6646-001,21,67.199997,90000,21,90000,1339.2858,1339.2858
6647-001,16,51.200001,64000,16,64000,1250,1250
6648-001,0,0,0,0,0,,
6649-001,2,6.4000001,14000,2,14000,2187.5,2187.5
6650-001,6,19.200001,30000,6,30000,1562.4999,1562.4999
6667-001,80,256,460000,80,460000,1796.875,1796.875
6681-001,26,83.199997,150000,26,150000,1802.8846,1802.8846
6683-001,0,0,0,0,0,,
6684-001,69,220.8,228000,69,228000,1032.6086,1032.6086
6686-001,52,166.39999,30000,52,30000,180.28847,180.28847
6688-001,0,0,0,0,0,,
6700-001,0,0,0,0,0,,
6701-001,11,35.200001,58000,11,58000,1647.7273,1647.7273
6703-001,0,0,0,0,0,,
6705-001,0,0,0,0,0,,
6706-001,0,0,0,0,0,,
6707-001,8,25.6,40000,8,40000,1562.5,1562.5
6719-001,27,86.400002,45000,27,45000,520.83331,520.83331
6720-001,6,19.200001,36000,6,36000,1874.9999,1874.9999
6722-001,0,0,0,0,0,,
6723-001,0,0,0,0,0,,
6724-001,0,0,0,0,0,,
6725-001,5,16,25000,5,25000,1562.5,1562.5
6726-001,0,0,0,0,0,,
6738-001,0,0,0,0,0,,
6739-001,28,89.599998,239000,28,239000,2667.4106,2667.4106
6740-001,0,0,0,0,0,,
6741-001,7,22.4,52000,7,52000,2321.4287,2321.4287
6742-001,48,153.60001,240000,48,240000,1562.4999,1562.4999
6744-001,45,144,239000,45,239000,1659.7222,1659.7222
6745-001,11,35.200001,88000,11,88000,2500,2500
6760-001,0,0,0,0,0,,
6776-001,44,140.8,180000,44,180000,1278.4091,1278.4091
6778-001,0,0,0,0,0,,
6795-001,4,12.8,20000,4,20000,1562.5,1562.5
6796-001,0,0,0,0,0,,
6797-001,16,51.200001,30000,16,30000,585.9375,585.9375
6798-001,0,0,0,0,0,,
6799-001,61,195.2,305000,61,305000,1562.5,1562.5
6800-001,12,38.400002,29000,12,29000,755.20831,755.20831
6801-001,0,0,0,0,0,,
6802-001,17,54.400002,90000,17,90000,1654.4117,1654.4117
6823-001,0,0,0,0,0,,
6833-001,0,0,0,0,0,,
6834-001,0,0,0,0,0,,
6835-001,0,0,0,0,0,,
6836-001,0,0,0,0,0,,
6837-001,23,73.599998,0,23,81024.75,1100.8798,359
6838-001,3,9.6000004,6000,3,6000,625,625
6840-001,0,0,0,0,0,,
6841-001,59,188.8,60000,59,60000,317.7966,317.7966
6852-001,5,16,10000,5,10000,625,625
6853-001,0,0,0,0,0,,
6855-001,0,0,0,0,0,,
6856-001,0,0,0,0,0,,
6857-001,3,9.6000004,0,3,16546.727,1723.6173,359
6858-001,0,0,0,0,0,,
6859-001,0,0,0,0,0,,
6872-001,0,0,0,0,0,,
6874-001,0,0,0,0,0,,
6875-001,0,0,0,0,0,,
6876-001,20,64,700000,20,700000,10937.5,10937.5
6877-001,26,83.199997,80000,26,80000,961.53851,961.53851
6878-001,53,169.60001,162000,53,162000,955.18866,955.18866
6888-001,0,0,0,0,0,,
6890-001,13,41.599998,50000,13,50000,1201.9231,1201.9231
6891-001,0,0,0,0,0,,
6892-001,0,0,0,0,0,,
6893-001,0,0,0,0,0,,
6895-001,0,0,0,0,0,,
6897-001,0,0,0,0,0,,
6899-001,52,166.39999,23000,52,23000,138.22116,138.22116
6909-001,7,22.4,20000,7,20000,892.85718,892.85718
6910-001,0,0,0,0,0,,
6911-001,2,6.4000001,0,2,13322.826,2081.6917,359
6913-001,0,0,0,0,0,,
6914-001,0,0,0,0,0,,
6915-001,0,0,0,0,0,,
6916-001,57,182.39999,0,57,190637.38,1045.1611,359
6919-001,0,0,0,0,0,,
6928-001,0,0,0,0,0,,
6929-001,23,73.599998,55000,23,55000,747.28265,747.28265
6930-001,3,9.6000004,15000,3,15000,1562.4999,1562.4999
6931-001,34,108.8,27000,34,27000,248.16176,248.16176
6932-001,2,6.4000001,9000,2,9000,1406.25,1406.25
6933-001,0,0,0,0,0,,
6934-001,0,0,0,0,0,,
6935-001,28,89.599998,30000,28,30000,334.82144,334.82144
6947-001,3,9.6000004,20000,3,20000,2083.3333,2083.3333
6948-001,0,0,0,0,0,,
6949-001,0,0,0,0,0,,
6950-001,0,0,0,0,0,,
6951-001,1,3.2,5000,1,5000,1562.5,1562.5
6952-001,6,19.200001,40000,6,40000,2083.3333,2083.3333
6953-001,0,0,0,0,0,,
6954-001,0,0,0,0,0,,
6966-001,0,0,0,0,0,,
6967-001,1,3.2,5400,1,5400,1687.5,1687.5
6968-001,0,0,0,0,0,,
6969-001,5,16,10500,5,10500,656.25,656.25
6970-001,1,3.2,10000,1,10000,3125,3125
6971-001,0,0,0,0,0,,
6972-001,0,0,0,0,0,,
6973-001,0,0,0,0,0,,
6986-001,0,0,0,0,0,,
6987-001,4,12.8,16045,4,16045,1253.5156,1253.5156
6988-001,0,0,0,0,0,,
6990-001,0,0,0,0,0,,
6991-001,0,0,0,0,0,,
6992-001,64,204.8,195000,64,195000,952.14844,952.14844
6994-001,0,0,0,0,0,,
7011-001,0,0,0,0,0,,
7023-001,0,0,0,0,0,,
7025-001,12,38.400002,10000,12,10000,260.41666,260.41666
7026-001,12,38.400002,26000,12,26000,677.08331,677.08331
7027-001,49,156.8,66000,49,66000,420.91837,420.91837
7028-001,92,294.39999,298000,92,298000,1012.2283,1012.2283
7029-001,19,60.799999,51500,19,51500,847.03949,847.03949
7030-001,14,44.799999,55000,14,55000,1227.6786,1227.6786
7042-001,0,0,0,0,0,,
7043-001,6,19.200001,0,6,26218.43,1365.5432,359
7044-001,130,416,900000,130,900000,2163.4614,2163.4614
7045-001,36,115.2,300000,36,300000,2604.1667,2604.1667
7046-001,0,0,0,0,0,,
7047-001,54,172.8,108000,54,108000,625,625
7048-001,0,0,0,0,0,,
7049-001,0,0,0,0,0,,
7083-001,48,153.60001,350000,48,350000,2278.6458,2278.6458
7087-001,138,441.60001,373000,138,373000,844.65576,844.65576
7099-001,3,9.6000004,0,3,16546.727,1723.6173,359
7100-001,6,19.200001,0,6,26218.43,1365.5432,359
7102-001,24,76.800003,56000,24,56000,729.16663,729.16663
7103-001,4,12.8,10000,4,10000,781.25,781.25
7105-001,49,156.8,95000,49,95000,605.86731,605.86731
7106-001,2,6.4000001,42000,2,42000,6562.5,6562.5
7108-001,26,83.199997,0,26,90696.453,1090.1017,359
7110-001,16,51.200001,30000,16,30000,585.9375,585.9375
7118-001,83,265.60001,193000,83,193000,726.65662,726.65662
7119-001,0,0,0,0,0,,
7120-001,6,19.200001,15000,6,15000,781.24994,781.24994
7121-001,0,0,0,0,0,,
7122-001,614,1964.8,3070000,614,3070000,1562.5,1562.5
7123-001,70,224,252000,70,252000,1125,1125
7124-001,12,38.400002,0,12,45561.836,1186.5061,359
7125-001,36,115.2,580000,36,580000,5034.7222,5034.7222
7156-001,0,0,0,0,0,,
7157-001,6,19.200001,0,6,26218.43,1365.5432,359
7158-001,14,44.799999,0,14,52009.637,1160.9294,359
7159-001,48,153.60001,0,48,161622.27,1052.2283,359
7161-001,4,12.8,20000,4,20000,1562.5,1562.5
7162-001,60,192,0,60,200309.08,1043.2765,359
7163-001,0,0,0,0,0,,
7166-001,1,3.2,5000,1,5000,1562.5,1562.5
7178-001,0,0,0,0,0,,
7182-001,9,28.799999,40000,9,40000,1388.8889,1388.8889
7194-001,14,44.799999,25000,14,25000,558.03571,558.03571
7195-001,74,236.8,369000,74,369000,1558.277,1558.277
7199-001,0,0,0,0,0,,
7200-001,5,16,25000,5,25000,1562.5,1562.5
7201-001,47,150.39999,24000,47,24000,159.57448,159.57448
7213-001,10,32,13000,10,13000,406.25,406.25
7214-001,0,0,0,0,0,,
7215-001,0,0,0,0,0,,
7217-001,0,0,0,0,0,,
7218-001,0,0,0,0,0,,
7219-001,0,0,0,0,0,,
7220-001,0,0,0,0,0,,
7232-001,8,25.6,0,8,32666.232,1276.0247,359
7233-001,48,153.60001,90000,48,90000,585.9375,585.9375
7234-001,112,358.39999,135000,112,135000,376.6741,376.6741
7235-001,0,0,0,0,0,,
7236-001,0,0,0,0,0,,
7237-001,32,102.4,71000,32,71000,693.35938,693.35938
7238-001,54,172.8,68000,54,68000,393.51852,393.51852
7239-001,0,0,0,0,0,,
7251-001,0,0,0,0,0,,
7252-001,90,288,700000,90,700000,2430.5557,2430.5557
7253-001,30,96,46000,30,46000,479.16666,479.16666
7254-001,9,28.799999,90000,9,90000,3125,3125
7255-001,3,9.6000004,50000,3,50000,5208.333,5208.333
7256-001,0,0,0,0,0,,
7257-001,16,51.200001,61000,16,61000,1191.4063,1191.4063
7258-001,0,0,0,0,0,,
7270-001,120,384,360000,120,360000,937.5,937.5
7271-001,33,105.6,90000,33,90000,852.27277,852.27277
7272-001,220,704,1370000,220,1370000,1946.0227,1946.0227
7273-001,12,38.400002,385000,12,385000,10026.041,10026.041
7274-001,14,44.799999,100000,14,100000,2232.1428,2232.1428
7275-001,0,0,0,0,0,,
7276-001,0,0,0,0,0,,
7277-001,6,19.200001,45000,6,45000,2343.75,2343.75
7289-001,0,0,0,0,0,,
7290-001,0,0,0,0,0,,
7291-001,16,51.200001,105000,16,105000,2050.7813,2050.7813
7292-001,0,0,0,0,0,,
7293-001,130,416,30000,130,30000,72.115387,72.115387
7294-001,85,272,30000,85,30000,110.29412,110.29412
7296-001,0,0,0,0,0,,
7331-001,8,25.6,70000,8,70000,2734.375,2734.375
7332-001,0,0,0,0,0,,
7338-001,0,0,0,0,0,,
7356-001,10,32,70000,10,70000,2187.5,2187.5
7365-001,2,6.4000001,10000,2,10000,1562.5,1562.5
7366-001,0,0,0,0,0,,
7367-001,0,0,0,0,0,,
7368-001,0,0,0,0,0,,
7370-001,7,22.4,60000,7,60000,2678.5715,2678.5715
7371-001,14,44.799999,20000,14,20000,446.42859,446.42859
7404-001,0,0,0,0,0,,
7442-001,3,9.6000004,25,3,25,2.6041665,2.6041665
7541-001,0,0,0,0,0,,
7596-001,0,0,0,0,0,,
7616-001,0,0,0,0,0,,
7631-001,0,0,0,0,0,,
7632-001,1,3.2,6000,1,6000,1875,1875
7636-001,0,0,0,0,0,,
7650-001,0,0,0,0,0,,
7652-001,0,0,0,0,0,,
7653-001,0,0,0,0,0,,
7654-001,34,108.8,120000,34,120000,1102.9412,1102.9412
7655-001,8,25.6,155000,8,155000,6054.6875,6054.6875
7656-001,33,105.6,58000,33,58000,549.24243,549.24243
7657-001,14,44.799999,120000,14,120000,2678.5715,2678.5715
7671-001,2,6.4000001,28000,2,28000,4375,4375
7673-001,26,83.199997,160000,26,160000,1923.077,1923.077
7674-001,48,153.60001,300000,48,300000,1953.1249,1953.1249
7675-001,0,0,0,0,0,,
7688-001,0,0,0,0,0,,
7689-001,0,0,0,0,0,,
7690-001,30,96,8000,30,8000,83.333336,83.333336
7691-001,0,0,0,0,0,,
7692-001,0,0,0,0,0,,
7693-001,0,0,0,0,0,,
7695-001,0,0,0,0,0,,
7707-001,2,6.4000001,120000,2,120000,18750,18750
7709-001,0,0,0,0,0,,
7711-001,0,0,0,0,0,,
7712-001,0,0,0,0,0,,
7713-001,0,0,0,0,0,,
7726-001,4,12.8,10000,4,10000,781.25,781.25
7727-001,0,0,0,0,0,,
7728-001,0,0,0,0,0,,
7729-001,20,64,54000,20,54000,843.75,843.75
7730-001,7,22.4,28000,7,28000,1250,1250
7731-001,0,0,0,0,0,,
7732-001,235,752,601000,235,601000,799.20215,799.20215
7733-001,44,140.8,210000,44,210000,1491.4773,1491.4773
7747-001,3,9.6000004,15000,3,15000,1562.4999,1562.4999
7749-001,50,160,47000,50,47000,293.75,293.75
7764-001,3,9.6000004,18000,3,18000,1874.9999,1874.9999
7765-001,0,0,0,0,0,,
7766-001,5,16,0,5,22994.529,1437.1581,359
7767-001,0,0,0,0,0,,
7768-001,0,0,0,0,0,,
7770-001,32,102.4,0,32,110039.86,1074.608,359
7771-001,0,0,0,0,0,,
7772-001,0,0,0,0,0,,
7783-001,3,9.6000004,5000,3,5000,520.83331,520.83331
7784-001,134,428.79999,440000,134,440000,1026.1194,1026.1194
7785-001,0,0,0,0,0,,
7786-001,0,0,0,0,0,,
7787-001,0,0,0,0,0,,
7788-001,0,0,0,0,0,,
7789-001,24,76.800003,22000,24,22000,286.45831,286.45831
7790-001,0,0,0,0,0,,
7802-001,100,320,40000,100,40000,125,125
7804-001,102,326.39999,0,102,335712.94,1028.5323,359
7805-001,14,44.799999,15000,14,15000,334.82144,334.82144
7806-001,8,25.6,6000,8,6000,234.375,234.375
7807-001,32,102.4,144000,32,144000,1406.25,1406.25
7808-001,0,0,0,0,0,,
7809-001,3,9.6000004,0,3,16546.727,1723.6173,359
7811-001,61,195.2,81000,61,81000,414.95901,414.95901
7821-001,100,320,453000,100,453000,1415.625,1415.625
7822-001,20,64,170000,20,170000,2656.25,2656.25
7823-001,0,0,0,0,0,,
7824-001,126,403.20001,164000,126,164000,406.74603,406.74603
7825-001,0,0,0,0,0,,
7826-001,99,316.79999,325000,99,325000,1025.8839,1025.8839
7827-001,0,0,0,0,0,,
7828-001,0,0,0,0,0,,
7840-001,0,0,0,0,0,,
7841-001,0,0,0,0,0,,
7842-001,9,28.799999,28000,9,28000,972.22223,972.22223
7843-001,2,6.4000001,50000,2,50000,7812.5,7812.5
7844-001,38,121.6,0,38,129383.27,1064.0071,359
7845-001,0,0,0,0,0,,
7846-001,0,0,0,0,0,,
7847-001,22,70.400002,80000,22,80000,1136.3636,1136.3636
7859-001,0,0,0,0,0,,
7860-001,0,0,0,0,0,,
7861-001,0,0,0,0,0,,
7862-001,72,230.39999,380000,72,380000,1649.3055,1649.3055
7863-001,18,57.599998,0,18,64905.242,1126.8271,359
7865-001,0,0,0,0,0,,
7866-001,0,0,0,0,0,,
7879-001,2,6.4000001,6000,2,6000,937.5,937.5
7897-001,0,0,0,0,0,,
7898-001,0,0,0,0,0,,
7899-001,0,0,0,0,0,,
7900-001,0,0,0,0,0,,
7901-001,0,0,0,0,0,,
7902-001,0,0,0,0,0,,
7903-001,0,0,0,0,0,,
7904-001,0,0,0,0,0,,
7916-001,0,0,0,0,0,,
7917-001,0,0,0,0,0,,
7918-001,0,0,0,0,0,,
7919-001,42,134.39999,42000,42,42000,312.5,312.5
7920-001,16,51.200001,6000,16,6000,117.1875,117.1875
7921-001,0,0,0,0,0,,
7922-001,0,0,0,0,0,,
7923-001,1,3.2,2500,1,2500,781.25,781.25
7935-001,47,150.39999,40000,47,40000,265.95746,265.95746
7936-001,5,16,30000,5,30000,1875,1875
7937-001,64,204.8,313000,64,313000,1528.3203,1528.3203
7938-001,74,236.8,155000,74,155000,654.56079,654.56079
7939-001,53,169.60001,0,53,177741.78,1048.0057,359
7940-001,49,156.8,145000,49,145000,924.74487,924.74487
7941-001,0,0,0,0,0,,
7942-001,0,0,0,0,0,,
7958-001,0,0,0,0,0,,
7973-001,36,115.2,20000,36,20000,173.61111,173.61111
7974-001,43,137.60001,36000,43,36000,261.6279,261.6279
7975-001,7,22.4,140000,7,140000,6250,6250
7976-001,3,9.6000004,9750,3,9750,1015.6249,1015.6249
7977-001,13,41.599998,42000,13,42000,1009.6154,1009.6154
7978-001,0,0,0,0,0,,
7979-001,1,3.2,20000,1,20000,6250,6250
7980-001,12,38.400002,20000,12,20000,520.83331,520.83331
7993-001,37,118.4,245400,37,245400,2072.635,2072.635
7995-001,102,326.39999,182000,102,182000,557.59802,557.59802
7996-001,0,0,0,0,0,,
7998-001,30,96,120000,30,120000,1250,1250
8011-001,0,0,0,0,0,,
8012-001,2,6.4000001,25000,2,25000,3906.25,3906.25
8013-001,12,38.400002,15000,12,15000,390.62497,390.62497
8014-001,0,0,0,0,0,,
8015-001,56,179.2,80000,56,80000,446.42859,446.42859
8016-001,0,0,0,0,0,,
8017-001,3,9.6000004,55000,3,55000,5729.1665,5729.1665
8018-001,0,0,0,0,0,,
8030-001,12,38.400002,18000,12,18000,468.74997,468.74997
8032-001,14,44.799999,35000,14,35000,781.25,781.25
8035-001,0,0,0,0,0,,
8036-001,9,28.799999,30000,9,30000,1041.6667,1041.6667
8039-001,0,0,0,0,0,,
8052-001,0,0,0,0,0,,
8068-001,24,76.800003,24000,24,24000,312.5,312.5
8069-001,39,124.8,45000,39,45000,360.5769,360.5769
8070-001,7,22.4,0,7,29442.33,1314.3898,359
8071-001,40,128,80000,40,80000,625,625
8073-001,42,134.39999,43000,42,43000,319.94049,319.94049
8074-001,0,0,0,0,0,,
8076-001,4,12.8,20000,4,20000,1562.5,1562.5
8079-001,40,128,15000,40,15000,117.1875,117.1875
8087-001,0,0,0,0,0,,
8088-001,3,9.6000004,30000,3,30000,3124.9998,3124.9998
8089-001,0,0,0,0,0,,
8090-001,21,67.199997,45000,21,45000,669.64288,669.64288
8091-001,13,41.599998,28000,13,28000,673.07697,673.07697
8092-001,11,35.200001,0,11,42337.934,1202.7822,359
8093-001,0,0,0,0,0,,
8094-001,24,76.800003,30000,24,30000,390.62497,390.62497
8106-001,0,0,0,0,0,,
8107-001,8,25.6,40000,8,40000,1562.5,1562.5
8108-001,33,105.6,90000,33,90000,852.27277,852.27277
8109-001,0,0,0,0,0,,
8110-001,3,9.6000004,20000,3,20000,2083.3333,2083.3333
8111-001,0,0,0,0,0,,
8112-001,0,0,0,0,0,,
8113-001,3,9.6000004,20000,3,20000,2083.3333,2083.3333
8126-001,11,35.200001,95000,11,95000,2698.8635,2698.8635
8130-001,30,96,82000,30,82000,854.16669,854.16669
8146-001,0,0,0,0,0,,
8150-001,0,0,0,0,0,,
8163-001,36,115.2,0,36,122935.46,1067.1481,359
8164-001,0,0,0,0,0,,
8167-001,57,182.39999,0,57,190637.38,1045.1611,359
8168-001,0,0,0,0,0,,
8169-001,0,0,0,0,0,,
8170-001,29,92.800003,77500,29,77500,835.12927,835.12927
8171-001,9,28.799999,0,9,35890.133,1246.1852,359
8173-001,6,19.200001,0,6,26218.43,1365.5432,359
8182-001,0,0,0,0,0,,
8183-001,0,0,0,0,0,,
8184-001,0,0,0,0,0,,
8185-001,0,0,0,0,0,,
8187-001,0,0,0,0,0,,
8188-001,0,0,0,0,0,,
8189-001,0,0,0,0,0,,
8201-001,1,3.2,0,1,10098.925,3155.9141,359
8203-001,20,64,0,20,71353.047,1114.8914,359
8204-001,0,0,0,0,0,,
8206-001,0,0,0,0,0,,
8220-001,0,0,0,0,0,,
8221-001,0,0,0,0,0,,
8222-001,0,0,0,0,0,,
8224-001,0,0,0,0,0,,
8225-001,0,0,0,0,0,,
8227-001,23,73.599998,100000,23,100000,1358.6957,1358.6957
8228-001,0,0,0,0,0,,
8240-001,0,0,0,0,0,,
8241-001,34,108.8,65000,34,65000,597.42645,597.42645
8242-001,0,0,0,0,0,,
8243-001,0,0,0,0,0,,
8244-001,0,0,0,0,0,,
8246-001,0,0,0,0,0,,
8258-001,20,64,490000,20,490000,7656.25,7656.25
8260-001,0,0,0,0,0,,
8261-001,0,0,0,0,0,,
8262-001,124,396.79999,0,124,406638.75,1024.7953,359
8263-001,0,0,0,0,0,,
8267-001,14,44.799999,15000,14,15000,334.82144,334.82144
8277-001,0,0,0,0,0,,
8278-001,2,6.4000001,50000,2,50000,7812.5,7812.5
8280-001,0,0,0,0,0,,
8281-001,8,25.6,20000,8,20000,781.25,781.25
8282-001,0,0,0,0,0,,
8283-001,28,89.599998,0,28,97144.25,1084.1992,359
8284-001,0,0,0,0,0,,
8285-001,0,0,0,0,0,,
8297-001,0,0,0,0,0,,
8299-001,0,0,0,0,0,,
8315-001,1,3.2,35000,1,35000,10937.5,10937.5
8316-001,20,64,94000,20,94000,1468.75,1468.75
8317-001,0,0,0,0,0,,
8318-001,0,0,0,0,0,,
8320-001,22,70.400002,63000,22,63000,894.88635,894.88635
8321-001,0,0,0,0,0,,
8323-001,0,0,0,0,0,,
8325-001,16,51.200001,15000,16,15000,292.96875,292.96875
8334-001,0,0,0,0,0,,
8335-001,0,0,0,0,0,,
8336-001,0,0,0,0,0,,
8337-001,5,16,50000,5,50000,3125,3125
8338-001,0,0,0,0,0,,
8339-001,0,0,0,0,0,,
8340-001,0,0,0,0,0,,
8341-001,0,0,0,0,0,,
8353-001,33,105.6,120000,33,120000,1136.3636,1136.3636
8354-001,77,246.39999,175000,77,175000,710.22729,710.22729
8355-001,36,115.2,300000,36,300000,2604.1667,2604.1667
8356-001,0,0,0,0,0,,
8357-001,0,0,0,0,0,,
8358-001,0,0,0,0,0,,
8359-001,4,12.8,15000,4,15000,1171.875,1171.875
8360-001,0,0,0,0,0,,
8372-001,18,57.599998,35000,18,35000,607.63892,607.63892
8373-001,10,32,80000,10,80000,2500,2500
8374-001,0,0,0,0,0,,
8375-001,0,0,0,0,0,,
8376-001,101,323.20001,328000,101,328000,1014.8514,1014.8514
8377-001,102,326.39999,660000,102,660000,2022.0588,2022.0588
8378-001,0,0,0,0,0,,
8379-001,108,345.60001,590000,108,590000,1707.1759,1707.1759
8391-001,9,28.799999,20000,9,20000,694.44446,694.44446
8392-001,6,19.200001,40000,6,40000,2083.3333,2083.3333
8393-001,0,0,0,0,0,,
8394-001,0,0,0,0,0,,
8395-001,0,0,0,0,0,,
8396-001,12,38.400002,25000,12,25000,651.04163,651.04163
8397-001,1,3.2,15000,1,15000,4687.5,4687.5
8398-001,0,0,0,0,0,,
8410-001,19,60.799999,40000,19,40000,657.89478,657.89478
8411-001,11,35.200001,85000,11,85000,2414.7727,2414.7727
8412-001,5,16,12000,5,12000,750,750
8413-001,10,32,0,10,39114.035,1222.3136,359
8414-001,27,86.400002,100000,27,100000,1157.4073,1157.4073
8415-001,0,0,0,0,0,,
8416-001,13,41.599998,0,13,48785.738,1172.7341,359
8417-001,31,99.199997,110000,31,110000,1108.871,1108.871
8429-001,12,38.400002,84400,12,84400,2197.9165,2197.9165
8430-001,70,224,140000,70,140000,625,625
8432-001,16,51.200001,40000,16,40000,781.25,781.25
8433-001,0,0,0,0,0,,
8434-001,1,3.2,10000,1,10000,3125,3125
8435-001,42,134.39999,196000,42,196000,1458.3334,1458.3334
8436-001,34,108.8,440000,34,440000,4044.1174,4044.1174
8448-001,0,0,0,0,0,,
8449-001,0,0,0,0,0,,
8450-001,8,25.6,40000,8,40000,1562.5,1562.5
8451-001,0,0,0,0,0,,
8452-001,0,0,0,0,0,,
8453-001,0,0,0,0,0,,
8454-001,11,35.200001,55000,11,55000,1562.5,1562.5
8455-001,0,0,0,0,0,,
8468-001,0,0,0,0,0,,
8471-001,0,0,0,0,0,,
8472-001,0,0,0,0,0,,
8476-001,13,41.599998,80000,13,80000,1923.077,1923.077
8486-001,68,217.60001,138000,68,138000,634.19116,634.19116
8487-001,16,51.200001,0,16,58457.441,1141.7468,359
8488-001,0,0,0,0,0,,
8489-001,0,0,0,0,0,,
8490-001,21,67.199997,45000,21,45000,669.64288,669.64288
8491-001,0,0,0,0,0,,
8492-001,3,9.6000004,12000,3,12000,1250,1250
8493-001,0,0,0,0,0,,
8505-001,45,144,108000,45,108000,750,750
8506-001,76,243.2,185000,76,185000,760.6908,760.6908
8507-001,28,89.599998,38000,28,38000,424.10715,424.10715
8508-001,0,0,0,0,0,,
8509-001,0,0,0,0,0,,
8510-001,1,3.2,9000,1,9000,2812.5,2812.5
8511-001,2,6.4000001,25000,2,25000,3906.25,3906.25
8512-001,6,19.200001,36000,6,36000,1874.9999,1874.9999
8524-001,5,16,10000,5,10000,625,625
8525-001,38,121.6,123500,38,123500,1015.625,1015.625
8526-001,2,6.4000001,10000,2,10000,1562.5,1562.5
8527-001,0,0,0,0,0,,
8528-001,4,12.8,10000,4,10000,781.25,781.25
8529-001,0,0,0,0,0,,
8530-001,0,0,0,0,0,,
8531-001,0,0,0,0,0,,
8543-001,20,64,83000,20,83000,1296.875,1296.875
8545-001,0,0,0,0,0,,
8546-001,14,44.799999,0,14,52009.637,1160.9294,359
8547-001,51,163.2,94000,51,94000,575.98041,575.98041
8548-001,25,80,0,25,87472.547,1093.4069,359
8549-001,125,400,284000,125,284000,710,710
8550-001,4,12.8,90000,4,90000,7031.25,7031.25
8562-001,18,57.599998,210000,18,210000,3645.8335,3645.8335
8563-001,41,131.2,225000,41,225000,1714.9391,1714.9391
8564-001,0,0,0,0,0,,
8565-001,209,668.79999,480000,209,480000,717.70337,717.70337
8566-001,22,70.400002,0,22,77800.844,1105.1256,359
8567-001,0,0,0,0,0,,
8568-001,6,19.200001,170000,6,170000,8854.166,8854.166
8569-001,28,89.599998,0,28,97144.25,1084.1992,359
8581-001,13,41.599998,0,13,48785.738,1172.7341,359
8582-001,20,64,50000,20,50000,781.25,781.25
8583-001,0,0,0,0,0,,
8584-001,51,163.2,152000,51,152000,931.37256,931.37256
8585-001,0,0,0,0,0,,
8586-001,0,0,0,0,0,,
8587-001,0,0,0,0,0,,
8588-001,13,41.599998,555000,13,555000,13341.347,13341.347
8600-001,0,0,0,0,0,,
8601-001,88,281.60001,93000,88,93000,330.25568,330.25568
8602-001,8,25.6,70000,8,70000,2734.375,2734.375
8603-001,4,12.8,60000,4,60000,4687.5,4687.5
8604-001,0,0,0,0,0,,
8605-001,0,0,0,0,0,,
8619-001,22,70.400002,105000,22,105000,1491.4773,1491.4773
8620-001,0,0,0,0,0,,
8621-001,0,0,0,0,0,,
8622-001,0,0,0,0,0,,
8623-001,69,220.8,1085000,69,1085000,4913.9492,4913.9492
8624-001,4,12.8,80000,4,80000,6250,6250
8625-001,0,0,0,0,0,,
8626-001,105,336,1405000,105,1405000,4181.5479,4181.5479
8638-001,12,38.400002,40000,12,40000,1041.6666,1041.6666
8639-001,4,12.8,20000,4,20000,1562.5,1562.5
8640-001,4,12.8,18000,4,18000,1406.25,1406.25
8641-001,19,60.799999,152000,19,152000,2500,2500
8642-001,3,9.6000004,15000,3,15000,1562.4999,1562.4999
8643-001,3,9.6000004,0,3,16546.727,1723.6173,359
8645-001,28,89.599998,320000,28,320000,3571.4287,3571.4287
8658-001,0,0,0,0,0,,
8659-001,6,19.200001,37000,6,37000,1927.0833,1927.0833
8662-001,9,28.799999,140000,9,140000,4861.1113,4861.1113
8664-001,28,89.599998,100000,28,100000,1116.0714,1116.0714
8676-001,0,0,0,0,0,,
8677-001,0,0,0,0,0,,
8678-001,22,70.400002,0,22,77800.844,1105.1256,359
8679-001,0,0,0,0,0,,
8680-001,0,0,0,0,0,,
8681-001,7,22.4,9000,7,9000,401.78574,401.78574
8682-001,50,160,0,50,168070.08,1050.438,359
8683-001,0,0,0,0,0,,
8695-001,0,0,0,0,0,,
8696-001,15,48,50000,15,50000,1041.6666,1041.6666
8697-001,0,0,0,0,0,,
8698-001,0,0,0,0,0,,
8699-001,0,0,0,0,0,,
8700-001,0,0,0,0,0,,
8701-001,9,28.799999,12000,9,12000,416.66669,416.66669
8702-001,12,38.400002,70000,12,70000,1822.9166,1822.9166
8714-001,0,0,0,0,0,,
8715-001,0,0,0,0,0,,
8716-001,0,0,0,0,0,,
8717-001,0,0,0,0,0,,
8718-001,15,48,22000,15,22000,458.33334,458.33334
8719-001,0,0,0,0,0,,
8720-001,16,51.200001,40000,16,40000,781.25,781.25
8722-001,0,0,0,0,0,,
8738-001,0,0,0,0,0,,
8740-001,6,19.200001,80000,6,80000,4166.6665,4166.6665
8754-001,0,0,0,0,0,,
8755-001,0,0,0,0,0,,
8756-001,34,108.8,129000,34,129000,1185.6617,1185.6617
8757-001,0,0,0,0,0,,
8758-001,0,0,0,0,0,,
8759-001,0,0,0,0,0,,
8762-001,14,44.799999,35000,14,35000,781.25,781.25
8771-001,0,0,0,0,0,,
8772-001,32,102.4,100000,32,100000,976.5625,976.5625
8773-001,0,0,0,0,0,,
8774-001,0,0,0,0,0,,
8775-001,0,0,0,0,0,,
8776-001,8,25.6,30000,8,30000,1171.875,1171.875
8777-001,0,0,0,0,0,,
8778-001,16,51.200001,60000,16,60000,1171.875,1171.875
8790-001,0,0,0,0,0,,
8791-001,0,0,0,0,0,,
8792-001,7,22.4,27000,7,27000,1205.3572,1205.3572
8793-001,0,0,0,0,0,,
8794-001,0,0,0,0,0,,
8795-001,0,0,0,0,0,,
8796-001,0,0,0,0,0,,
8797-001,38,121.6,260000,38,260000,2138.158,2138.158
8810-001,3,9.6000004,18000,3,18000,1874.9999,1874.9999
8812-001,5,16,20000,5,20000,1250,1250
8813-001,3,9.6000004,15000,3,15000,1562.4999,1562.4999
8814-001,0,0,0,0,0,,
8815-001,51,163.2,102000,51,102000,625,625
8816-001,0,0,0,0,0,,
8818-001,22,70.400002,135000,22,135000,1917.6136,1917.6136
8828-001,0,0,0,0,0,,
8829-001,16,51.200001,60000,16,60000,1171.875,1171.875
8830-001,0,0,0,0,0,,
8832-001,0,0,0,0,0,,
8833-001,0,0,0,0,0,,
8834-001,0,0,0,0,0,,
8835-001,0,0,0,0,0,,
8847-001,0,0,0,0,0,,
8848-001,16,51.200001,60000,16,60000,1171.875,1171.875
8849-001,0,0,0,0,0,,
8850-001,7,22.4,16000,7,16000,714.28571,714.28571
8851-001,0,0,0,0,0,,
8853-001,0,0,0,0,0,,
8854-001,0,0,0,0,0,,
8857-001,0,0,0,0,0,,
8866-001,0,0,0,0,0,,
8867-001,0,0,0,0,0,,
8868-001,119,380.79999,335000,119,335000,879.72693,879.72693
8869-001,10,32,25000,10,25000,781.25,781.25
8870-001,0,0,0,0,0,,
8871-001,27,86.400002,82500,27,82500,954.86108,954.86108
8872-001,130,416,328500,130,328500,789.66345,789.66345
8873-001,20,64,50000,20,50000,781.25,781.25
8885-001,8,25.6,30000,8,30000,1171.875,1171.875
8886-001,9,28.799999,44000,9,44000,1527.7778,1527.7778
8888-001,29,92.800003,6000,29,6000,64.655167,64.655167
8889-001,13,41.599998,0,13,48785.738,1172.7341,359
8890-001,288,921.59998,1035000,288,1035000,1123.0469,1123.0469
8891-001,22,70.400002,90000,22,90000,1278.4091,1278.4091
8892-001,31,99.199997,20000,31,20000,201.61292,201.61292
8904-001,30,96,128000,30,128000,1333.3334,1333.3334
8905-001,3,9.6000004,15000,3,15000,1562.4999,1562.4999
8906-001,0,0,0,0,0,,
8907-001,0,0,0,0,0,,
8908-001,6,19.200001,50000,6,50000,2604.1665,2604.1665
8909-001,0,0,0,0,0,,
8910-001,0,0,0,0,0,,
8911-001,7,22.4,30000,7,30000,1339.2858,1339.2858
8924-001,4,12.8,12000,4,12000,937.5,937.5
8925-001,0,0,0,0,0,,
8929-001,151,483.20001,0,151,493684.06,1021.6971,359
8942-001,16,51.200001,65000,16,65000,1269.5313,1269.5313
8943-001,0,0,0,0,0,,
8944-001,0,0,0,0,0,,
8945-001,0,0,0,0,0,,
8946-001,0,0,0,0,0,,
8947-001,19,60.799999,70000,19,70000,1151.3158,1151.3158
8949-001,8,25.6,65000,8,65000,2539.0625,2539.0625
8961-001,160,512,613000,160,613000,1197.2656,1197.2656
8962-001,28,89.599998,0,28,97144.25,1084.1992,359
8963-001,28,89.599998,600000,28,600000,6696.4287,6696.4287
8964-001,0,0,0,0,0,,
8965-001,0,0,0,0,0,,
8966-001,0,0,0,0,0,,
8967-001,0,0,0,0,0,,
8968-001,0,0,0,0,0,,
